team,mean_elo,year,lat,long,conference
Clippers,1441.0204707317073,1977,34.043,-118.2673,West
Clippers,1407.9990682926828,1978,34.043,-118.2673,West
Clippers,1444.8997719512195,1979,34.043,-118.2673,West
Clippers,1468.3203792682928,1980,34.043,-118.2673,West
Clippers,1437.8874512195125,1981,34.043,-118.2673,West
Clippers,1375.8980597560976,1982,34.043,-118.2673,West
Clippers,1352.2386280487808,1983,34.043,-118.2673,West
Clippers,1400.2149890243904,1984,34.043,-118.2673,West
Clippers,1412.216557317073,1985,34.043,-118.2673,West
Clippers,1379.7971817073173,1986,34.043,-118.2673,West
Clippers,1309.4766743902437,1987,34.043,-118.2673,West
Clippers,1269.8863121951222,1988,34.043,-118.2673,West
Clippers,1273.777630487805,1989,34.043,-118.2673,West
Clippers,1380.35675,1990,34.043,-118.2673,West
Clippers,1384.3496975609755,1991,34.043,-118.2673,West
Clippers,1479.4787287356319,1992,34.043,-118.2673,West
Clippers,1522.7129712643678,1993,34.043,-118.2673,West
Clippers,1413.4459841463415,1994,34.043,-118.2673,West
Clippers,1309.0537012195123,1995,34.043,-118.2673,West
Clippers,1381.7397951219511,1996,34.043,-118.2673,West
Clippers,1422.9537835294118,1997,34.043,-118.2673,West
Clippers,1328.3683341463413,1998,34.043,-118.2673,West
Clippers,1277.2081580000001,1999,34.043,-118.2673,West
Clippers,1276.9904292682927,2000,34.043,-118.2673,West
Clippers,1358.1049804878048,2001,34.043,-118.2673,West
Clippers,1498.56986097561,2002,34.043,-118.2673,West
Clippers,1425.522213414634,2003,34.043,-118.2673,West
Clippers,1428.5291170731707,2004,34.043,-118.2673,West
Clippers,1460.3311097560972,2005,34.043,-118.2673,West
Clippers,1536.2212670212766,2006,34.043,-118.2673,West
Clippers,1513.3890780487804,2007,34.043,-118.2673,West
Clippers,1417.5492975609754,2008,34.043,-118.2673,West
Clippers,1327.4370670731705,2009,34.043,-118.2673,West
Clippers,1365.9147414634147,2010,34.043,-118.2673,West
Clippers,1387.0146829268294,2011,34.043,-118.2673,West
Clippers,1540.512120779221,2012,34.043,-118.2673,West
Clippers,1629.794928409091,2013,34.043,-118.2673,West
Clippers,1650.5047968421052,2014,34.043,-118.2673,West
Clippers,1658.2184406249999,2015,34.043,-118.2673,West
Kings,1504.5463487804877,1977,38.6493,-121.5189,west
Kings,1462.3202219512193,1978,38.6493,-121.5189,west
Kings,1538.0911494252875,1979,38.6493,-121.5189,west
Kings,1569.431914117647,1980,38.6493,-121.5189,west
Kings,1501.093218556701,1981,38.6493,-121.5189,west
Kings,1418.6889682926828,1982,38.6493,-121.5189,west
Kings,1479.9090707317073,1983,38.6493,-121.5189,west
Kings,1481.981788235294,1984,38.6493,-121.5189,west
Kings,1423.198074390244,1985,38.6493,-121.5189,west
Kings,1442.6797752941177,1986,38.6493,-121.5189,west
Kings,1415.1382268292682,1987,38.6493,-121.5189,west
Kings,1378.100080487805,1988,38.6493,-121.5189,west
Kings,1358.4344853658538,1989,38.6493,-121.5189,west
Kings,1359.3005707317072,1990,38.6493,-121.5189,west
Kings,1323.8245219512196,1991,38.6493,-121.5189,west
Kings,1354.0696585365854,1992,38.6493,-121.5189,west
Kings,1394.8900841463415,1993,38.6493,-121.5189,west
Kings,1365.2026500000002,1994,38.6493,-121.5189,west
Kings,1469.3960670731706,1995,38.6493,-121.5189,west
Kings,1454.6175476744183,1996,38.6493,-121.5189,west
Kings,1413.9996890243901,1997,38.6493,-121.5189,west
Kings,1416.677637804878,1998,38.6493,-121.5189,west
Kings,1422.5335145454544,1999,38.6493,-121.5189,west
Kings,1536.3408137931035,2000,38.6493,-121.5189,west
Kings,1622.130036666667,2001,38.6493,-121.5189,west
Kings,1665.2071265306122,2002,38.6493,-121.5189,west
Kings,1667.3842648936172,2003,38.6493,-121.5189,west
Kings,1649.2497882978726,2004,38.6493,-121.5189,west
Kings,1586.1372379310344,2005,38.6493,-121.5189,west
Kings,1519.0844125,2006,38.6493,-121.5189,west
Kings,1491.7851731707317,2007,38.6493,-121.5189,west
Kings,1452.7099207317074,2008,38.6493,-121.5189,west
Kings,1350.9132536585366,2009,38.6493,-121.5189,west
Kings,1348.9213902439026,2010,38.6493,-121.5189,west
Kings,1347.9094390243902,2011,38.6493,-121.5189,west
Kings,1400.8652712121213,2012,38.6493,-121.5189,west
Kings,1392.4726280487805,2013,38.6493,-121.5189,west
Kings,1415.2395585365853,2014,38.6493,-121.5189,west
Kings,1425.4173695121951,2015,38.6493,-121.5189,west
Nets,1422.930693902439,1977,40.6826,-73.9754,East
Nets,1327.6402134146342,1978,40.6826,-73.9754,East
Nets,1436.3122166666665,1979,40.6826,-73.9754,East
Nets,1441.9012585365854,1980,40.6826,-73.9754,East
Nets,1379.1170829268294,1981,40.6826,-73.9754,East
Nets,1462.2378321428573,1982,40.6826,-73.9754,East
Nets,1570.3029047619045,1983,40.6826,-73.9754,East
Nets,1546.239167741935,1984,40.6826,-73.9754,East
Nets,1521.7237835294118,1985,40.6826,-73.9754,East
Nets,1500.6704235294117,1986,40.6826,-73.9754,East
Nets,1407.766780487805,1987,40.6826,-73.9754,East
Nets,1344.0496012195124,1988,40.6826,-73.9754,East
Nets,1369.675763414634,1989,40.6826,-73.9754,East
Nets,1299.9804841463415,1990,40.6826,-73.9754,East
Nets,1325.8467073170732,1991,40.6826,-73.9754,East
Nets,1418.2941441860462,1992,40.6826,-73.9754,East
Nets,1514.3965839080458,1993,40.6826,-73.9754,East
Nets,1523.1433755813953,1994,40.6826,-73.9754,East
Nets,1455.1705036585365,1995,40.6826,-73.9754,East
Nets,1395.812131707317,1996,40.6826,-73.9754,East
Nets,1358.424962195122,1997,40.6826,-73.9754,East
Nets,1503.4238952941175,1998,40.6826,-73.9754,East
Nets,1434.21348,1999,40.6826,-73.9754,East
Nets,1452.8080329268291,2000,40.6826,-73.9754,East
Nets,1391.4590658536588,2001,40.6826,-73.9754,East
Nets,1532.5674284313725,2002,40.6826,-73.9754,East
Nets,1596.1890058823528,2003,40.6826,-73.9754,East
Nets,1576.9871978494623,2004,40.6826,-73.9754,East
Nets,1455.1752779069768,2005,40.6826,-73.9754,East
Nets,1538.4093935483868,2006,40.6826,-73.9754,East
Nets,1490.266124468085,2007,40.6826,-73.9754,East
Nets,1433.7874987804878,2008,40.6826,-73.9754,East
Nets,1441.972681707317,2009,40.6826,-73.9754,East
Nets,1304.6722158536586,2010,40.6826,-73.9754,East
Nets,1346.3202134146343,2011,40.6826,-73.9754,East
Nets,1343.0871424242423,2012,40.6826,-73.9754,East
Nets,1504.1942393258423,2013,40.6826,-73.9754,East
Nets,1502.8667340425534,2014,40.6826,-73.9754,East
Nets,1468.861828409091,2015,40.6826,-73.9754,East
Thunder,1493.2818829268294,1977,35.4634,-97.5151,West
Thunder,1525.9190134615383,1978,35.4634,-97.5151,West
Thunder,1585.6314303030306,1979,35.4634,-97.5151,West
Thunder,1632.3038587628866,1980,35.4634,-97.5151,West
Thunder,1488.2522170731706,1981,35.4634,-97.5151,West
Thunder,1557.620312222222,1982,35.4634,-97.5151,West
Thunder,1558.4558178571428,1983,35.4634,-97.5151,West
Thunder,1507.3205597701153,1984,35.4634,-97.5151,West
Thunder,1443.2775146341464,1985,35.4634,-97.5151,West
Thunder,1424.7057792682926,1986,35.4634,-97.5151,West
Thunder,1497.674671875,1987,35.4634,-97.5151,West
Thunder,1523.0683574712646,1988,35.4634,-97.5151,West
Thunder,1536.9715144444444,1989,35.4634,-97.5151,West
Thunder,1502.0651463414636,1990,35.4634,-97.5151,West
Thunder,1488.2771505747126,1991,35.4634,-97.5151,West
Thunder,1534.704274725275,1992,35.4634,-97.5151,West
Thunder,1619.866010891089,1993,35.4634,-97.5151,West
Thunder,1664.9032666666665,1994,35.4634,-97.5151,West
Thunder,1671.889019767442,1995,35.4634,-97.5151,West
Thunder,1674.2875990291263,1996,35.4634,-97.5151,West
Thunder,1658.0295148936166,1997,35.4634,-97.5151,West
Thunder,1650.7886684782611,1998,35.4634,-97.5151,West
Thunder,1530.414272,1999,35.4634,-97.5151,West
Thunder,1512.944171264368,2000,35.4634,-97.5151,West
Thunder,1515.759324390244,2001,35.4634,-97.5151,West
Thunder,1567.6154494252874,2002,35.4634,-97.5151,West
Thunder,1510.8633341463412,2003,35.4634,-97.5151,West
Thunder,1492.8221646341462,2004,35.4634,-97.5151,West
Thunder,1580.0326860215057,2005,35.4634,-97.5151,West
Thunder,1458.0431914634146,2006,35.4634,-97.5151,West
Thunder,1456.089042682927,2007,35.4634,-97.5151,West
Thunder,1349.8675719512196,2008,35.4634,-97.5151,West
Thunder,1317.0346097560973,2009,35.4634,-97.5151,West
Thunder,1534.313946590909,2010,35.4634,-97.5151,West
Thunder,1602.1865535353534,2011,35.4634,-97.5151,West
Thunder,1676.024510465116,2012,35.4634,-97.5151,West
Thunder,1694.7932462365593,2013,35.4634,-97.5151,West
Thunder,1676.5966722772275,2014,35.4634,-97.5151,West
Thunder,1580.8519402439024,2015,35.4634,-97.5151,West
Pistons,1503.04984,1977,42.3411,-83.0554,East
Pistons,1466.0600914634147,1978,42.3411,-83.0554,East
Pistons,1439.198707317073,1979,42.3411,-83.0554,East
Pistons,1362.2502365853659,1980,42.3411,-83.0554,East
Pistons,1296.2981670731706,1981,42.3411,-83.0554,East
Pistons,1466.6240658536585,1982,42.3411,-83.0554,East
Pistons,1492.117562195122,1983,42.3411,-83.0554,East
Pistons,1543.8528574712648,1984,42.3411,-83.0554,East
Pistons,1573.0211769230768,1985,42.3411,-83.0554,East
Pistons,1532.9493488372093,1986,42.3411,-83.0554,East
Pistons,1590.1796907216494,1987,42.3411,-83.0554,East
Pistons,1642.6889885714284,1988,42.3411,-83.0554,East
Pistons,1671.6336888888889,1989,42.3411,-83.0554,East
Pistons,1682.6279088235292,1990,42.3411,-83.0554,East
Pistons,1606.093616494845,1991,42.3411,-83.0554,East
Pistons,1542.5092425287357,1992,42.3411,-83.0554,East
Pistons,1487.7204926829268,1993,42.3411,-83.0554,East
Pistons,1380.0208780487806,1994,42.3411,-83.0554,East
Pistons,1336.5611999999999,1995,42.3411,-83.0554,East
Pistons,1475.8583176470588,1996,42.3411,-83.0554,East
Pistons,1604.308495402299,1997,42.3411,-83.0554,East
Pistons,1525.5753475609756,1998,42.3411,-83.0554,East
Pistons,1566.9640981818181,1999,42.3411,-83.0554,East
Pistons,1543.6416023529412,2000,42.3411,-83.0554,East
Pistons,1447.7255902439022,2001,42.3411,-83.0554,East
Pistons,1520.536408695652,2002,42.3411,-83.0554,East
Pistons,1586.1087484848485,2003,42.3411,-83.0554,East
Pistons,1614.0634095238095,2004,42.3411,-83.0554,East
Pistons,1613.0917887850467,2005,42.3411,-83.0554,East
Pistons,1690.9869249999997,2006,42.3411,-83.0554,East
Pistons,1614.7696959183675,2007,42.3411,-83.0554,East
Pistons,1651.2522727272728,2008,42.3411,-83.0554,East
Pistons,1532.7718034883721,2009,42.3411,-83.0554,East
Pistons,1396.7273890243903,2010,42.3411,-83.0554,East
Pistons,1391.0489292682926,2011,42.3411,-83.0554,East
Pistons,1380.9449727272727,2012,42.3411,-83.0554,East
Pistons,1410.706443902439,2013,42.3411,-83.0554,East
Pistons,1401.4150097560976,2014,42.3411,-83.0554,East
Pistons,1407.8583597560976,2015,42.3411,-83.0554,East
Pelicans,,1977,29.949,-90.0821,West
Pelicans,,1978,29.949,-90.0821,West
Pelicans,,1979,29.949,-90.0821,West
Pelicans,,1980,29.949,-90.0821,West
Pelicans,,1981,29.949,-90.0821,West
Pelicans,,1982,29.949,-90.0821,West
Pelicans,,1983,29.949,-90.0821,West
Pelicans,,1984,29.949,-90.0821,West
Pelicans,,1985,29.949,-90.0821,West
Pelicans,,1986,29.949,-90.0821,West
Pelicans,,1987,29.949,-90.0821,West
Pelicans,,1988,29.949,-90.0821,West
Pelicans,1275.917012195122,1989,29.949,-90.0821,West
Pelicans,1269.9957548780485,1990,29.949,-90.0821,West
Pelicans,1345.2692000000002,1991,29.949,-90.0821,West
Pelicans,1394.257112195122,1992,29.949,-90.0821,West
Pelicans,1470.992412087912,1993,29.949,-90.0821,West
Pelicans,1491.782754878049,1994,29.949,-90.0821,West
Pelicans,1551.342111627907,1995,29.949,-90.0821,West
Pelicans,1497.589174390244,1996,29.949,-90.0821,West
Pelicans,1545.7577447058825,1997,29.949,-90.0821,West
Pelicans,1567.960146153846,1998,29.949,-90.0821,West
Pelicans,1511.1367980000002,1999,29.949,-90.0821,West
Pelicans,1561.0014500000002,2000,29.949,-90.0821,West
Pelicans,1567.9856641304352,2001,29.949,-90.0821,West
Pelicans,1529.51350989011,2002,29.949,-90.0821,West
Pelicans,1542.7082000000003,2003,29.949,-90.0821,West
Pelicans,1514.046106741573,2004,29.949,-90.0821,West
Pelicans,1372.631874390244,2005,29.949,-90.0821,West
Pelicans,1443.9674378048783,2006,29.949,-90.0821,West
Pelicans,1451.9541341463414,2007,29.949,-90.0821,West
Pelicans,1596.442441489361,2008,29.949,-90.0821,West
Pelicans,1590.729436781609,2009,29.949,-90.0821,West
Pelicans,1470.5429780487805,2010,29.949,-90.0821,West
Pelicans,1528.9786636363635,2011,29.949,-90.0821,West
Pelicans,1419.2049166666666,2012,29.949,-90.0821,West
Pelicans,1424.5746365853659,2013,29.949,-90.0821,West
Pelicans,1444.298725609756,2014,29.949,-90.0821,West
Pelicans,1500.7466279069768,2015,29.949,-90.0821,West
Celtics,1507.1401846153842,1977,42.3662,-71.0621,East
Celtics,1455.1330670731709,1978,42.3662,-71.0621,East
Celtics,1416.9338707317072,1979,42.3662,-71.0621,East
Celtics,1603.6862659340654,1980,42.3662,-71.0621,East
Celtics,1674.9213131313131,1981,42.3662,-71.0621,East
Celtics,1676.5398968085108,1982,42.3662,-71.0621,East
Celtics,1654.1035786516852,1983,42.3662,-71.0621,East
Celtics,1647.1475390476191,1984,42.3662,-71.0621,East
Celtics,1686.3284504854369,1985,42.3662,-71.0621,East
Celtics,1723.4892479999994,1986,42.3662,-71.0621,East
Celtics,1701.847296190476,1987,42.3662,-71.0621,East
Celtics,1637.9715595959597,1988,42.3662,-71.0621,East
Celtics,1536.398605882353,1989,42.3662,-71.0621,East
Celtics,1547.215017241379,1990,42.3662,-71.0621,East
Celtics,1610.7729311827954,1991,42.3662,-71.0621,East
Celtics,1558.6011499999997,1992,42.3662,-71.0621,East
Celtics,1542.1312744186046,1993,42.3662,-71.0621,East
Celtics,1444.5151780487806,1994,42.3662,-71.0621,East
Celtics,1432.7487906976744,1995,42.3662,-71.0621,East
Celtics,1416.7910914634147,1996,42.3662,-71.0621,East
Celtics,1339.36103902439,1997,42.3662,-71.0621,East
Celtics,1399.5524365853657,1998,42.3662,-71.0621,East
Celtics,1434.9575699999998,1999,42.3662,-71.0621,East
Celtics,1459.9537024390245,2000,42.3662,-71.0621,East
Celtics,1448.9778719512196,2001,42.3662,-71.0621,East
Celtics,1530.3350897959183,2002,42.3662,-71.0621,East
Celtics,1521.8609673913045,2003,42.3662,-71.0621,East
Celtics,1457.1560290697673,2004,42.3662,-71.0621,East
Celtics,1498.2333932584272,2005,42.3662,-71.0621,East
Celtics,1471.0040682926829,2006,42.3662,-71.0621,East
Celtics,1389.8860085365855,2007,42.3662,-71.0621,East
Celtics,1646.7464972222222,2008,42.3662,-71.0621,East
Celtics,1702.1227083333333,2009,42.3662,-71.0621,East
Celtics,1620.729128301887,2010,42.3662,-71.0621,East
Celtics,1660.3392175824179,2011,42.3662,-71.0621,East
Celtics,1575.9561732558136,2012,42.3662,-71.0621,East
Celtics,1527.4821770114943,2013,42.3662,-71.0621,East
Celtics,1419.620207317073,2014,42.3662,-71.0621,East
Celtics,1425.5194279069767,2015,42.3662,-71.0621,East
Warriors,1556.3186782608695,1977,37.768,-122.387,West
Warriors,1521.7515353658537,1978,37.768,-122.387,West
Warriors,1516.5801365853658,1979,37.768,-122.387,West
Warriors,1428.8194573170733,1980,37.768,-122.387,West
Warriors,1472.9594195121952,1981,37.768,-122.387,West
Warriors,1510.1634524390242,1982,37.768,-122.387,West
Warriors,1443.9453304878048,1983,37.768,-122.387,West
Warriors,1431.9211670731709,1984,37.768,-122.387,West
Warriors,1358.2443292682926,1985,37.768,-122.387,West
Warriors,1389.3861207317073,1986,37.768,-122.387,West
Warriors,1466.5008913043478,1987,37.768,-122.387,West
Warriors,1372.5937036585365,1988,37.768,-122.387,West
Warriors,1455.6442466666667,1989,37.768,-122.387,West
Warriors,1446.5294231707317,1990,37.768,-122.387,West
Warriors,1498.122036263736,1991,37.768,-122.387,West
Warriors,1581.071176744186,1992,37.768,-122.387,West
Warriors,1500.4033865853658,1993,37.768,-122.387,West
Warriors,1507.4661917647059,1994,37.768,-122.387,West
Warriors,1435.9790329268294,1995,37.768,-122.387,West
Warriors,1435.021007317073,1996,37.768,-122.387,West
Warriors,1408.4688280487806,1997,37.768,-122.387,West
Warriors,1299.0450036585364,1998,37.768,-122.387,West
Warriors,1389.8050340000002,1999,37.768,-122.387,West
Warriors,1354.1596036585368,2000,37.768,-122.387,West
Warriors,1326.9366951219513,2001,37.768,-122.387,West
Warriors,1331.5438036585365,2002,37.768,-122.387,West
Warriors,1439.0334817073172,2003,37.768,-122.387,West
Warriors,1474.607625609756,2004,37.768,-122.387,West
Warriors,1428.4577853658539,2005,37.768,-122.387,West
Warriors,1478.9400036585364,2006,37.768,-122.387,West
Warriors,1491.5481440860215,2007,37.768,-122.387,West
Warriors,1585.928845121951,2008,37.768,-122.387,West
Warriors,1453.1146048780488,2009,37.768,-122.387,West
Warriors,1390.661835365854,2010,37.768,-122.387,West
Warriors,1431.6698609756097,2011,37.768,-122.387,West
Warriors,1453.5225772727272,2012,37.768,-122.387,West
Warriors,1520.0389882978727,2013,37.768,-122.387,West
Warriors,1603.997368539326,2014,37.768,-122.387,West
Warriors,1725.5747640776701,2015,37.768,-122.387,West
Trailblazers,1566.9299336633667,1977,45.5316,-122.6669,west
Trailblazers,1671.7457874999998,1978,45.5316,-122.6669,west
Trailblazers,1524.1102835294118,1979,45.5316,-122.6669,west
Trailblazers,1530.4879094117648,1980,45.5316,-122.6669,west
Trailblazers,1495.4662388235295,1981,45.5316,-122.6669,west
Trailblazers,1516.5549158536585,1982,45.5316,-122.6669,west
Trailblazers,1529.5807764044941,1983,45.5316,-122.6669,west
Trailblazers,1563.2416873563213,1984,45.5316,-122.6669,west
Trailblazers,1533.9490516483515,1985,45.5316,-122.6669,west
Trailblazers,1528.4923034883723,1986,45.5316,-122.6669,west
Trailblazers,1546.2567593023255,1987,45.5316,-122.6669,west
Trailblazers,1568.2623279069765,1988,45.5316,-122.6669,west
Trailblazers,1524.3009011764705,1989,45.5316,-122.6669,west
Trailblazers,1595.714877669903,1990,45.5316,-122.6669,west
Trailblazers,1671.1295122448978,1991,45.5316,-122.6669,west
Trailblazers,1655.3215864077667,1992,45.5316,-122.6669,west
Trailblazers,1597.889115116279,1993,45.5316,-122.6669,west
Trailblazers,1563.4487058139534,1994,45.5316,-122.6669,west
Trailblazers,1565.885349411765,1995,45.5316,-122.6669,west
Trailblazers,1513.2677114942528,1996,45.5316,-122.6669,west
Trailblazers,1547.82431627907,1997,45.5316,-122.6669,west
Trailblazers,1548.4381895348836,1998,45.5316,-122.6669,west
Trailblazers,1586.7985126984127,1999,45.5316,-122.6669,west
Trailblazers,1651.6312081632657,2000,45.5316,-122.6669,west
Trailblazers,1629.868542352941,2001,45.5316,-122.6669,west
Trailblazers,1564.271732941176,2002,45.5316,-122.6669,west
Trailblazers,1587.058150561798,2003,45.5316,-122.6669,west
Trailblazers,1517.672836585366,2004,45.5316,-122.6669,west
Trailblazers,1448.2701390243903,2005,45.5316,-122.6669,west
Trailblazers,1351.8621341463413,2006,45.5316,-122.6669,west
Trailblazers,1384.5836195121951,2007,45.5316,-122.6669,west
Trailblazers,1478.4439756097559,2008,45.5316,-122.6669,west
Trailblazers,1569.3183420454545,2009,45.5316,-122.6669,west
Trailblazers,1579.2635761363636,2010,45.5316,-122.6669,west
Trailblazers,1544.3840397727274,2011,45.5316,-122.6669,west
Trailblazers,1521.5536590909092,2012,45.5316,-122.6669,west
Trailblazers,1459.242604878049,2013,45.5316,-122.6669,west
Trailblazers,1579.0642462365593,2014,45.5316,-122.6669,west
Trailblazers,1616.898674712644,2015,45.5316,-122.6669,west
Knicks,1493.8316792682926,1977,40.7505,-73.9934,East
Knicks,1511.8600829545453,1978,40.7505,-73.9934,East
Knicks,1462.5372414634148,1979,40.7505,-73.9934,East
Knicks,1456.6374853658538,1980,40.7505,-73.9934,East
Knicks,1537.3628714285715,1981,40.7505,-73.9934,East
Knicks,1484.193731707317,1982,40.7505,-73.9934,East
Knicks,1503.4943500000002,1983,40.7505,-73.9934,East
Knicks,1592.892203191489,1984,40.7505,-73.9934,East
Knicks,1432.298993902439,1985,40.7505,-73.9934,East
Knicks,1370.2115695121952,1986,40.7505,-73.9934,East
Knicks,1371.8337134146343,1987,40.7505,-73.9934,East
Knicks,1436.1974406976742,1988,40.7505,-73.9934,East
Knicks,1576.1300065934067,1989,40.7505,-73.9934,East
Knicks,1538.052220652174,1990,40.7505,-73.9934,East
Knicks,1473.2887929411766,1991,40.7505,-73.9934,East
Knicks,1556.1415010638293,1992,40.7505,-73.9934,East
Knicks,1640.6243804123715,1993,40.7505,-73.9934,East
Knicks,1654.5753121495327,1994,40.7505,-73.9934,East
Knicks,1610.85137311828,1995,40.7505,-73.9934,East
Knicks,1567.4812999999997,1996,40.7505,-73.9934,East
Knicks,1590.40155,1997,40.7505,-73.9934,East
Knicks,1576.5528989130437,1998,40.7505,-73.9934,East
Knicks,1558.174132857143,1999,40.7505,-73.9934,East
Knicks,1580.3470602040816,2000,40.7505,-73.9934,East
Knicks,1541.8802356321837,2001,40.7505,-73.9934,East
Knicks,1432.8021548780487,2002,40.7505,-73.9934,East
Knicks,1442.3498670731706,2003,40.7505,-73.9934,East
Knicks,1460.0918837209304,2004,40.7505,-73.9934,East
Knicks,1427.1802097560976,2005,40.7505,-73.9934,East
Knicks,1362.6570073170733,2006,40.7505,-73.9934,East
Knicks,1412.1408743902439,2007,40.7505,-73.9934,East
Knicks,1359.4456280487805,2008,40.7505,-73.9934,East
Knicks,1402.1128256097563,2009,40.7505,-73.9934,East
Knicks,1403.0687865853658,2010,40.7505,-73.9934,East
Knicks,1482.1219441860467,2011,40.7505,-73.9934,East
Knicks,1505.6349070422534,2012,40.7505,-73.9934,East
Knicks,1592.2807882978725,2013,40.7505,-73.9934,East
Knicks,1472.9329048780487,2014,40.7505,-73.9934,East
Knicks,1352.518814634146,2015,40.7505,-73.9934,East
Heat,,1977,25.7814,-80.187,East
Heat,,1978,25.7814,-80.187,East
Heat,,1979,25.7814,-80.187,East
Heat,,1980,25.7814,-80.187,East
Heat,,1981,25.7814,-80.187,East
Heat,,1982,25.7814,-80.187,East
Heat,,1983,25.7814,-80.187,East
Heat,,1984,25.7814,-80.187,East
Heat,,1985,25.7814,-80.187,East
Heat,,1986,25.7814,-80.187,East
Heat,,1987,25.7814,-80.187,East
Heat,,1988,25.7814,-80.187,East
Heat,1223.7923585365852,1989,25.7814,-80.187,East
Heat,1269.3649109756097,1990,25.7814,-80.187,East
Heat,1318.8520682926828,1991,25.7814,-80.187,East
Heat,1417.3020929411769,1992,25.7814,-80.187,East
Heat,1447.5449682926828,1993,25.7814,-80.187,East
Heat,1534.727957471264,1994,25.7814,-80.187,East
Heat,1460.7109304878047,1995,25.7814,-80.187,East
Heat,1480.4957811764705,1996,25.7814,-80.187,East
Heat,1625.040848484848,1997,25.7814,-80.187,East
Heat,1630.1720724137933,1998,25.7814,-80.187,East
Heat,1604.374501818182,1999,25.7814,-80.187,East
Heat,1586.003814130435,2000,25.7814,-80.187,East
Heat,1569.9280352941178,2001,25.7814,-80.187,East
Heat,1452.4142707317073,2002,25.7814,-80.187,East
Heat,1418.229819512195,2003,25.7814,-80.187,East
Heat,1455.217045263158,2004,25.7814,-80.187,East
Heat,1634.42977628866,2005,25.7814,-80.187,East
Heat,1615.043341904762,2006,25.7814,-80.187,East
Heat,1516.943238372093,2007,25.7814,-80.187,East
Heat,1343.776463414634,2008,25.7814,-80.187,East
Heat,1452.2687359550564,2009,25.7814,-80.187,East
Heat,1526.755812643678,2010,25.7814,-80.187,East
Heat,1656.6396417475723,2011,25.7814,-80.187,East
Heat,1676.0518797752807,2012,25.7814,-80.187,East
Heat,1703.8573304761906,2013,25.7814,-80.187,East
Heat,1664.370055882353,2014,25.7814,-80.187,East
Heat,1488.709397560976,2015,25.7814,-80.187,East
Nuggets,1614.3675397727272,1977,39.7487,-105.007,West
Nuggets,1548.6577578947372,1978,39.7487,-105.007,West
Nuggets,1531.0339647058825,1979,39.7487,-105.007,West
Nuggets,1447.595318292683,1980,39.7487,-105.007,West
Nuggets,1434.2031573170732,1981,39.7487,-105.007,West
Nuggets,1502.8964176470586,1982,39.7487,-105.007,West
Nuggets,1513.7299622222222,1983,39.7487,-105.007,West
Nuggets,1491.7519781609194,1984,39.7487,-105.007,West
Nuggets,1554.5723422680412,1985,39.7487,-105.007,West
Nuggets,1554.8349206521743,1986,39.7487,-105.007,West
Nuggets,1476.2833341176467,1987,39.7487,-105.007,West
Nuggets,1551.1181903225809,1988,39.7487,-105.007,West
Nuggets,1529.7201423529414,1989,39.7487,-105.007,West
Nuggets,1494.7956294117648,1990,39.7487,-105.007,West
Nuggets,1331.365819512195,1991,39.7487,-105.007,West
Nuggets,1332.7676365853658,1992,39.7487,-105.007,West
Nuggets,1386.9826243902442,1993,39.7487,-105.007,West
Nuggets,1515.5640191489358,1994,39.7487,-105.007,West
Nuggets,1531.5675505882355,1995,39.7487,-105.007,West
Nuggets,1469.251375609756,1996,39.7487,-105.007,West
Nuggets,1361.8408865853658,1997,39.7487,-105.007,West
Nuggets,1225.1040353658536,1998,39.7487,-105.007,West
Nuggets,1295.301208,1999,39.7487,-105.007,West
Nuggets,1406.1286987804879,2000,39.7487,-105.007,West
Nuggets,1468.6875390243904,2001,39.7487,-105.007,West
Nuggets,1412.6297987804878,2002,39.7487,-105.007,West
Nuggets,1336.3920756097561,2003,39.7487,-105.007,West
Nuggets,1482.3158091954022,2004,39.7487,-105.007,West
Nuggets,1525.74478045977,2005,39.7487,-105.007,West
Nuggets,1532.5354425287353,2006,39.7487,-105.007,West
Nuggets,1516.0882827586208,2007,39.7487,-105.007,West
Nuggets,1575.7037906976745,2008,39.7487,-105.007,West
Nuggets,1605.67382244898,2009,39.7487,-105.007,West
Nuggets,1626.1860170454545,2010,39.7487,-105.007,West
Nuggets,1587.60818045977,2011,39.7487,-105.007,West
Nuggets,1581.9706534246575,2012,39.7487,-105.007,West
Nuggets,1622.2079159090908,2013,39.7487,-105.007,West
Nuggets,1514.0941134146342,2014,39.7487,-105.007,West
Nuggets,1447.915806097561,2015,39.7487,-105.007,West
Mavericks,,1977,32.7905,-96.8104,West
Mavericks,,1978,32.7905,-96.8104,West
Mavericks,,1979,32.7905,-96.8104,West
Mavericks,,1980,32.7905,-96.8104,West
Mavericks,1240.4097524390243,1981,32.7905,-96.8104,West
Mavericks,1338.243474390244,1982,32.7905,-96.8104,West
Mavericks,1462.7265902439024,1983,32.7905,-96.8104,West
Mavericks,1498.3755510869566,1984,32.7905,-96.8104,West
Mavericks,1523.1990720930232,1985,32.7905,-96.8104,West
Mavericks,1524.2487510869566,1986,32.7905,-96.8104,West
Mavericks,1606.8414732558142,1987,32.7905,-96.8104,West
Mavericks,1591.9426747474747,1988,32.7905,-96.8104,West
Mavericks,1492.9972158536586,1989,32.7905,-96.8104,West
Mavericks,1473.1135141176471,1990,32.7905,-96.8104,West
Mavericks,1420.6428243902437,1991,32.7905,-96.8104,West
Mavericks,1326.5214536585368,1992,32.7905,-96.8104,West
Mavericks,1187.3043402439025,1993,32.7905,-96.8104,West
Mavericks,1221.5809731707316,1994,32.7905,-96.8104,West
Mavericks,1400.6224731707316,1995,32.7905,-96.8104,West
Mavericks,1392.8275914634146,1996,32.7905,-96.8104,West
Mavericks,1345.3295670731707,1997,32.7905,-96.8104,West
Mavericks,1314.5713024390245,1998,32.7905,-96.8104,West
Mavericks,1373.153966,1999,32.7905,-96.8104,West
Mavericks,1456.9267926829266,2000,32.7905,-96.8104,West
Mavericks,1583.7888010869565,2001,32.7905,-96.8104,West
Mavericks,1618.0213577777774,2002,32.7905,-96.8104,West
Mavericks,1690.3159294117647,2003,32.7905,-96.8104,West
Mavericks,1617.0567068965515,2004,32.7905,-96.8104,West
Mavericks,1630.7071031578948,2005,32.7905,-96.8104,West
Mavericks,1677.1008685714285,2006,32.7905,-96.8104,West
Mavericks,1695.088325,2007,32.7905,-96.8104,West
Mavericks,1617.963342528735,2008,32.7905,-96.8104,West
Mavericks,1571.6329510869562,2009,32.7905,-96.8104,West
Mavericks,1601.472668181818,2010,32.7905,-96.8104,West
Mavericks,1635.1747349514565,2011,32.7905,-96.8104,West
Mavericks,1591.2576157142857,2012,32.7905,-96.8104,West
Mavericks,1494.8288231707318,2013,32.7905,-96.8104,West
Mavericks,1564.1789584269661,2014,32.7905,-96.8104,West
Mavericks,1598.191924137931,2015,32.7905,-96.8104,West
Pacers,1480.4410512195122,1977,39.764,-86.1555,East
Pacers,1444.2032914634146,1978,39.764,-86.1555,East
Pacers,1449.5205939024388,1979,39.764,-86.1555,East
Pacers,1477.249406097561,1980,39.764,-86.1555,East
Pacers,1524.002619047619,1981,39.764,-86.1555,East
Pacers,1484.4129804878046,1982,39.764,-86.1555,East
Pacers,1370.1781731707317,1983,39.764,-86.1555,East
Pacers,1369.9596512195124,1984,39.764,-86.1555,East
Pacers,1379.4785731707318,1985,39.764,-86.1555,East
Pacers,1398.5099353658538,1986,39.764,-86.1555,East
Pacers,1481.2700802325583,1987,39.764,-86.1555,East
Pacers,1498.9581939024392,1988,39.764,-86.1555,East
Pacers,1418.8300256097561,1989,39.764,-86.1555,East
Pacers,1485.0630929411766,1990,39.764,-86.1555,East
Pacers,1473.1410816091955,1991,39.764,-86.1555,East
Pacers,1508.7072811764706,1992,39.764,-86.1555,East
Pacers,1519.1310883720928,1993,39.764,-86.1555,East
Pacers,1561.0082040816326,1994,39.764,-86.1555,East
Pacers,1610.7860717171714,1995,39.764,-86.1555,East
Pacers,1590.3298080459772,1996,39.764,-86.1555,East
Pacers,1538.1001829268291,1997,39.764,-86.1555,East
Pacers,1627.5006397959185,1998,39.764,-86.1555,East
Pacers,1628.270988888889,1999,39.764,-86.1555,East
Pacers,1626.8970552380952,2000,39.764,-86.1555,East
Pacers,1519.2949,2001,39.764,-86.1555,East
Pacers,1496.156832183908,2002,39.764,-86.1555,East
Pacers,1552.4837329545453,2003,39.764,-86.1555,East
Pacers,1613.8312153061224,2004,39.764,-86.1555,East
Pacers,1544.673616842105,2005,39.764,-86.1555,East
Pacers,1526.9609954545456,2006,39.764,-86.1555,East
Pacers,1464.2923475609757,2007,39.764,-86.1555,East
Pacers,1437.0906670731706,2008,39.764,-86.1555,East
Pacers,1464.1336914634146,2009,39.764,-86.1555,East
Pacers,1427.3820414634147,2010,39.764,-86.1555,East
Pacers,1481.1520436781607,2011,39.764,-86.1555,East
Pacers,1553.134977922078,2012,39.764,-86.1555,East
Pacers,1579.5378220000002,2013,39.764,-86.1555,East
Pacers,1614.1655950495053,2014,39.764,-86.1555,East
Pacers,1478.1334256097562,2015,39.764,-86.1555,East
Timberwolves,,1977,44.9795,-93.276,West
Timberwolves,,1978,44.9795,-93.276,West
Timberwolves,,1979,44.9795,-93.276,West
Timberwolves,,1980,44.9795,-93.276,West
Timberwolves,,1981,44.9795,-93.276,West
Timberwolves,,1982,44.9795,-93.276,West
Timberwolves,,1983,44.9795,-93.276,West
Timberwolves,,1984,44.9795,-93.276,West
Timberwolves,,1985,44.9795,-93.276,West
Timberwolves,,1986,44.9795,-93.276,West
Timberwolves,,1987,44.9795,-93.276,West
Timberwolves,,1988,44.9795,-93.276,West
Timberwolves,,1989,44.9795,-93.276,West
Timberwolves,1319.0188256097563,1990,44.9795,-93.276,West
Timberwolves,1364.9903914634147,1991,44.9795,-93.276,West
Timberwolves,1324.4210475609755,1992,44.9795,-93.276,West
Timberwolves,1302.1512548780488,1993,44.9795,-93.276,West
Timberwolves,1320.9710597560977,1994,44.9795,-93.276,West
Timberwolves,1292.3687024390244,1995,44.9795,-93.276,West
Timberwolves,1352.322213414634,1996,44.9795,-93.276,West
Timberwolves,1431.1256035294118,1997,44.9795,-93.276,West
Timberwolves,1481.6923252873562,1998,44.9795,-93.276,West
Timberwolves,1507.4150203703703,1999,44.9795,-93.276,West
Timberwolves,1519.9581244186047,2000,44.9795,-93.276,West
Timberwolves,1549.9985313953484,2001,44.9795,-93.276,West
Timberwolves,1591.323963529412,2002,44.9795,-93.276,West
Timberwolves,1561.5951272727273,2003,44.9795,-93.276,West
Timberwolves,1635.1831120000002,2004,44.9795,-93.276,West
Timberwolves,1556.031219512195,2005,44.9795,-93.276,West
Timberwolves,1493.8701414634147,2006,44.9795,-93.276,West
Timberwolves,1445.9526609756097,2007,44.9795,-93.276,West
Timberwolves,1330.2053134146342,2008,44.9795,-93.276,West
Timberwolves,1368.5171158536584,2009,44.9795,-93.276,West
Timberwolves,1302.6781475609755,2010,44.9795,-93.276,West
Timberwolves,1314.6176073170734,2011,44.9795,-93.276,West
Timberwolves,1428.9643969696967,2012,44.9795,-93.276,West
Timberwolves,1435.8570707317072,2013,44.9795,-93.276,West
Timberwolves,1542.6098414634146,2014,44.9795,-93.276,West
Timberwolves,1365.595607317073,2015,44.9795,-93.276,West
Hawks,1379.6318,1977,33.757212,-84.396406,East
Hawks,1479.2726416666667,1978,33.757212,-84.396406,East
Hawks,1532.8125813186814,1979,33.757212,-84.396406,East
Hawks,1582.3186586206898,1980,33.757212,-84.396406,East
Hawks,1472.06228902439,1981,33.757212,-84.396406,East
Hawks,1480.7194107142857,1982,33.757212,-84.396406,East
Hawks,1506.2671000000003,1983,33.757212,-84.396406,East
Hawks,1483.1517459770116,1984,33.757212,-84.396406,East
Hawks,1470.7965524390243,1985,33.757212,-84.396406,East
Hawks,1529.0034824175825,1986,33.757212,-84.396406,East
Hawks,1632.8475208791212,1987,33.757212,-84.396406,East
Hawks,1611.2264382978728,1988,33.757212,-84.396406,East
Hawks,1591.5445241379314,1989,33.757212,-84.396406,East
Hawks,1512.7496158536585,1990,33.757212,-84.396406,East
Hawks,1523.4941367816093,1991,33.757212,-84.396406,East
Hawks,1485.461818292683,1992,33.757212,-84.396406,East
Hawks,1472.7751094117648,1993,33.757212,-84.396406,East
Hawks,1601.3654215053764,1994,33.757212,-84.396406,East
Hawks,1524.8227564705883,1995,33.757212,-84.396406,East
Hawks,1527.9480739130433,1996,33.757212,-84.396406,East
Hawks,1610.3832032608695,1997,33.757212,-84.396406,East
Hawks,1589.7803069767444,1998,33.757212,-84.396406,East
Hawks,1584.031289830508,1999,33.757212,-84.396406,East
Hawks,1447.5933231707318,2000,33.757212,-84.396406,East
Hawks,1355.3075804878047,2001,33.757212,-84.396406,East
Hawks,1388.1355097560975,2002,33.757212,-84.396406,East
Hawks,1423.2803256097561,2003,33.757212,-84.396406,East
Hawks,1400.8164207317075,2004,33.757212,-84.396406,East
Hawks,1302.470062195122,2005,33.757212,-84.396406,East
Hawks,1309.4960048780488,2006,33.757212,-84.396406,East
Hawks,1388.682174390244,2007,33.757212,-84.396406,East
Hawks,1437.814691011236,2008,33.757212,-84.396406,East
Hawks,1523.054848387097,2009,33.757212,-84.396406,East
Hawks,1586.7381107526876,2010,33.757212,-84.396406,East
Hawks,1536.1646936170212,2011,33.757212,-84.396406,East
Hawks,1539.0646263888889,2012,33.757212,-84.396406,East
Hawks,1525.0193738636365,2013,33.757212,-84.396406,East
Hawks,1480.9952146067412,2014,33.757212,-84.396406,East
Hawks,1607.266843877551,2015,33.757212,-84.396406,East
Lakers,1555.7011150537633,1977,34.043,-118.2673,West
Lakers,1551.652542352941,1978,34.043,-118.2673,West
Lakers,1583.4381711111107,1979,34.043,-118.2673,West
Lakers,1625.2270387755102,1980,34.043,-118.2673,West
Lakers,1637.2684800000002,1981,34.043,-118.2673,West
Lakers,1614.3281822916663,1982,34.043,-118.2673,West
Lakers,1654.0810484536084,1983,34.043,-118.2673,West
Lakers,1594.0189281553398,1984,34.043,-118.2673,West
Lakers,1663.0926930693072,1985,34.043,-118.2673,West
Lakers,1693.3937270833333,1986,34.043,-118.2673,West
Lakers,1687.776324,1987,34.043,-118.2673,West
Lakers,1680.2887849056601,1988,34.043,-118.2673,West
Lakers,1644.043306185567,1989,34.043,-118.2673,West
Lakers,1668.294852747253,1990,34.043,-118.2673,West
Lakers,1651.4660089108909,1991,34.043,-118.2673,West
Lakers,1530.1423093023257,1992,34.043,-118.2673,West
Lakers,1470.8105126436783,1993,34.043,-118.2673,West
Lakers,1415.769207317073,1994,34.043,-118.2673,West
Lakers,1509.7597315217392,1995,34.043,-118.2673,West
Lakers,1573.466680232558,1996,34.043,-118.2673,West
Lakers,1606.8262318681316,1997,34.043,-118.2673,West
Lakers,1656.8773252631581,1998,34.043,-118.2673,West
Lakers,1619.301572413793,1999,34.043,-118.2673,West
Lakers,1679.2352695238094,2000,34.043,-118.2673,West
Lakers,1635.386710204082,2001,34.043,-118.2673,West
Lakers,1693.7172475247523,2002,34.043,-118.2673,West
Lakers,1602.5870702127656,2003,34.043,-118.2673,West
Lakers,1631.2519490384616,2004,34.043,-118.2673,West
Lakers,1521.765263414634,2005,34.043,-118.2673,West
Lakers,1520.8055168539329,2006,34.043,-118.2673,West
Lakers,1533.007732183908,2007,34.043,-118.2673,West
Lakers,1636.1180514563105,2008,34.043,-118.2673,West
Lakers,1720.7080666666668,2009,34.043,-118.2673,West
Lakers,1684.1989523809525,2010,34.043,-118.2673,West
Lakers,1652.4449576086956,2011,34.043,-118.2673,West
Lakers,1593.5651243589741,2012,34.043,-118.2673,West
Lakers,1535.1592372093023,2013,34.043,-118.2673,West
Lakers,1414.0110719512195,2014,34.043,-118.2673,West
Lakers,1372.5224914634143,2015,34.043,-118.2673,West
Rockets,1537.7508319148935,1977,29.7508,-95.3621,West
Rockets,1458.0764207317072,1978,29.7508,-95.3621,West
Rockets,1485.3790452380954,1979,29.7508,-95.3621,West
Rockets,1506.0860898876406,1980,29.7508,-95.3621,West
Rockets,1491.728290291262,1981,29.7508,-95.3621,West
Rockets,1514.777377647059,1982,29.7508,-95.3621,West
Rockets,1322.8947280487805,1983,29.7508,-95.3621,West
Rockets,1379.2907756097559,1984,29.7508,-95.3621,West
Rockets,1500.3409919540227,1985,29.7508,-95.3621,West
Rockets,1561.4901264705886,1986,29.7508,-95.3621,West
Rockets,1531.810320652174,1987,29.7508,-95.3621,West
Rockets,1551.6224813953493,1988,29.7508,-95.3621,West
Rockets,1513.7956593023255,1989,29.7508,-95.3621,West
Rockets,1498.9068,1990,29.7508,-95.3621,West
Rockets,1560.5231211764708,1991,29.7508,-95.3621,West
Rockets,1487.9015841463415,1992,29.7508,-95.3621,West
Rockets,1558.3654648936167,1993,29.7508,-95.3621,West
Rockets,1629.5451695238096,1994,29.7508,-95.3621,West
Rockets,1599.6583903846154,1995,29.7508,-95.3621,West
Rockets,1596.4992566666665,1996,29.7508,-95.3621,West
Rockets,1590.419755102041,1997,29.7508,-95.3621,West
Rockets,1534.0587862068965,1998,29.7508,-95.3621,West
Rockets,1518.0305962962962,1999,29.7508,-95.3621,West
Rockets,1460.822275609756,2000,29.7508,-95.3621,West
Rockets,1541.56015,2001,29.7508,-95.3621,West
Rockets,1456.7715243902442,2002,29.7508,-95.3621,West
Rockets,1501.5162926829269,2003,29.7508,-95.3621,West
Rockets,1565.1604551724135,2004,29.7508,-95.3621,West
Rockets,1569.5838516853937,2005,29.7508,-95.3621,West
Rockets,1511.1037158536585,2006,29.7508,-95.3621,West
Rockets,1579.4948674157301,2007,29.7508,-95.3621,West
Rockets,1605.168905681818,2008,29.7508,-95.3621,West
Rockets,1616.9809547368418,2009,29.7508,-95.3621,West
Rockets,1562.3859914634147,2010,29.7508,-95.3621,West
Rockets,1514.9585560975609,2011,29.7508,-95.3621,West
Rockets,1528.0532666666663,2012,29.7508,-95.3621,West
Rockets,1559.0612647727276,2013,29.7508,-95.3621,West
Rockets,1613.069651136364,2014,29.7508,-95.3621,West
Rockets,1623.4501404040404,2015,29.7508,-95.3621,West
Hornets,,1977,35.2251,-80.8392,East
Hornets,,1978,35.2251,-80.8392,East
Hornets,,1979,35.2251,-80.8392,East
Hornets,,1980,35.2251,-80.8392,East
Hornets,,1981,35.2251,-80.8392,East
Hornets,,1982,35.2251,-80.8392,East
Hornets,,1983,35.2251,-80.8392,East
Hornets,,1984,35.2251,-80.8392,East
Hornets,,1985,35.2251,-80.8392,East
Hornets,,1986,35.2251,-80.8392,East
Hornets,,1987,35.2251,-80.8392,East
Hornets,,1988,35.2251,-80.8392,East
Hornets,,1989,35.2251,-80.8392,East
Hornets,,1990,35.2251,-80.8392,East
Hornets,,1991,35.2251,-80.8392,East
Hornets,,1992,35.2251,-80.8392,East
Hornets,,1993,35.2251,-80.8392,East
Hornets,,1994,35.2251,-80.8392,East
Hornets,,1995,35.2251,-80.8392,East
Hornets,,1996,35.2251,-80.8392,East
Hornets,,1997,35.2251,-80.8392,East
Hornets,,1998,35.2251,-80.8392,East
Hornets,,1999,35.2251,-80.8392,East
Hornets,,2000,35.2251,-80.8392,East
Hornets,,2001,35.2251,-80.8392,East
Hornets,,2002,35.2251,-80.8392,East
Hornets,,2003,35.2251,-80.8392,East
Hornets,,2004,35.2251,-80.8392,East
Hornets,1278.0913463414633,2005,35.2251,-80.8392,East
Hornets,1354.564092682927,2006,35.2251,-80.8392,East
Hornets,1403.588343902439,2007,35.2251,-80.8392,East
Hornets,1418.0348524390245,2008,35.2251,-80.8392,East
Hornets,1448.594837804878,2009,35.2251,-80.8392,East
Hornets,1516.7150511627906,2010,35.2251,-80.8392,East
Hornets,1453.8954475609758,2011,35.2251,-80.8392,East
Hornets,1284.1820424242424,2012,35.2251,-80.8392,East
Hornets,1260.204442682927,2013,35.2251,-80.8392,East
Hornets,1436.816938372093,2014,35.2251,-80.8392,East
Hornets,1453.9361426829269,2015,35.2251,-80.8392,East
Magic,,1977,28.538336,-81.379234,West
Magic,,1978,28.538336,-81.379234,West
Magic,,1979,28.538336,-81.379234,West
Magic,,1980,28.538336,-81.379234,West
Magic,,1981,28.538336,-81.379234,West
Magic,,1982,28.538336,-81.379234,West
Magic,,1983,28.538336,-81.379234,West
Magic,,1984,28.538336,-81.379234,West
Magic,,1985,28.538336,-81.379234,West
Magic,,1986,28.538336,-81.379234,West
Magic,,1987,28.538336,-81.379234,West
Magic,,1988,28.538336,-81.379234,West
Magic,,1989,28.538336,-81.379234,West
Magic,1296.9116036585365,1990,28.538336,-81.379234,West
Magic,1334.8330536585365,1991,28.538336,-81.379234,West
Magic,1351.0683975609757,1992,28.538336,-81.379234,West
Magic,1469.9039317073173,1993,28.538336,-81.379234,West
Magic,1561.438362352941,1994,28.538336,-81.379234,West
Magic,1637.9254533980582,1995,28.538336,-81.379234,West
Magic,1620.1441234042552,1996,28.538336,-81.379234,West
Magic,1536.9846896551724,1997,28.538336,-81.379234,West
Magic,1479.8246731707318,1998,28.538336,-81.379234,West
Magic,1561.2457296296297,1999,28.538336,-81.379234,West
Magic,1510.475856097561,2000,28.538336,-81.379234,West
Magic,1512.1596813953488,2001,28.538336,-81.379234,West
Magic,1524.5113337209302,2002,28.538336,-81.379234,West
Magic,1497.4846752808992,2003,28.538336,-81.379234,West
Magic,1373.4191499999997,2004,28.538336,-81.379234,West
Magic,1420.9937268292683,2005,28.538336,-81.379234,West
Magic,1412.3433963414634,2006,28.538336,-81.379234,West
Magic,1495.3229209302328,2007,28.538336,-81.379234,West
Magic,1573.343654347826,2008,28.538336,-81.379234,West
Magic,1649.7633886792453,2009,28.538336,-81.379234,West
Magic,1663.344817708333,2010,28.538336,-81.379234,West
Magic,1643.2747011363635,2011,28.538336,-81.379234,West
Magic,1558.4110633802816,2012,28.538336,-81.379234,West
Magic,1357.1337707317075,2013,28.538336,-81.379234,West
Magic,1331.747269512195,2014,28.538336,-81.379234,West
Magic,1339.4265939024388,2015,28.538336,-81.379234,West
Raptors,,1977,43.6435,-79.3791,east
Raptors,,1978,43.6435,-79.3791,east
Raptors,,1979,43.6435,-79.3791,east
Raptors,,1980,43.6435,-79.3791,east
Raptors,,1981,43.6435,-79.3791,east
Raptors,,1982,43.6435,-79.3791,east
Raptors,,1983,43.6435,-79.3791,east
Raptors,,1984,43.6435,-79.3791,east
Raptors,,1985,43.6435,-79.3791,east
Raptors,,1986,43.6435,-79.3791,east
Raptors,,1987,43.6435,-79.3791,east
Raptors,,1988,43.6435,-79.3791,east
Raptors,,1989,43.6435,-79.3791,east
Raptors,,1990,43.6435,-79.3791,east
Raptors,,1991,43.6435,-79.3791,east
Raptors,,1992,43.6435,-79.3791,east
Raptors,,1993,43.6435,-79.3791,east
Raptors,,1994,43.6435,-79.3791,east
Raptors,,1995,43.6435,-79.3791,east
Raptors,1299.4182280487805,1996,43.6435,-79.3791,east
Raptors,1370.1560256097562,1997,43.6435,-79.3791,east
Raptors,1327.9629658536587,1998,43.6435,-79.3791,east
Raptors,1396.8490299999999,1999,43.6435,-79.3791,east
Raptors,1496.565662352941,2000,43.6435,-79.3791,east
Raptors,1529.844809574468,2001,43.6435,-79.3791,east
Raptors,1520.003,2002,43.6435,-79.3791,east
Raptors,1396.0576670731707,2003,43.6435,-79.3791,east
Raptors,1404.130304878049,2004,43.6435,-79.3791,east
Raptors,1428.540598780488,2005,43.6435,-79.3791,east
Raptors,1406.3006365853657,2006,43.6435,-79.3791,east
Raptors,1482.303253409091,2007,43.6435,-79.3791,east
Raptors,1537.957585057471,2008,43.6435,-79.3791,east
Raptors,1456.457920731707,2009,43.6435,-79.3791,east
Raptors,1476.7681134146342,2010,43.6435,-79.3791,east
Raptors,1377.731262195122,2011,43.6435,-79.3791,east
Raptors,1368.2721348484847,2012,43.6435,-79.3791,east
Raptors,1434.183487804878,2013,43.6435,-79.3791,east
Raptors,1550.1749382022474,2014,43.6435,-79.3791,east
Raptors,1571.7330441860465,2015,43.6435,-79.3791,east
Bulls,1467.7952411764704,1977,41.8807,-87.6742,East
Bulls,1535.310842682927,1978,41.8807,-87.6742,East
Bulls,1412.7385658536587,1979,41.8807,-87.6742,East
Bulls,1418.8712060975608,1980,41.8807,-87.6742,East
Bulls,1505.6026204545453,1981,41.8807,-87.6742,East
Bulls,1483.3606073170733,1982,41.8807,-87.6742,East
Bulls,1416.6005524390243,1983,41.8807,-87.6742,East
Bulls,1414.0247036585367,1984,41.8807,-87.6742,East
Bulls,1448.46501627907,1985,41.8807,-87.6742,East
Bulls,1413.115688235294,1986,41.8807,-87.6742,East
Bulls,1485.52184,1987,41.8807,-87.6742,East
Bulls,1564.9532380434782,1988,41.8807,-87.6742,East
Bulls,1559.5368808080807,1989,41.8807,-87.6742,East
Bulls,1591.058231632653,1990,41.8807,-87.6742,East
Bulls,1678.635937373737,1991,41.8807,-87.6742,East
Bulls,1753.4279528846155,1992,41.8807,-87.6742,East
Bulls,1681.6755277227724,1993,41.8807,-87.6742,East
Bulls,1616.1521847826093,1994,41.8807,-87.6742,East
Bulls,1576.9967239130435,1995,41.8807,-87.6742,East
Bulls,1744.2614680000001,1996,41.8807,-87.6742,East
Bulls,1788.6395405940593,1997,41.8807,-87.6742,East
Bulls,1713.1909805825244,1998,41.8807,-87.6742,East
Bulls,1496.7912919999999,1999,41.8807,-87.6742,East
Bulls,1307.1333475609754,2000,41.8807,-87.6742,East
Bulls,1262.646874390244,2001,41.8807,-87.6742,East
Bulls,1292.6427780487804,2002,41.8807,-87.6742,East
Bulls,1364.2428914634147,2003,41.8807,-87.6742,East
Bulls,1354.472919512195,2004,41.8807,-87.6742,East
Bulls,1463.0417295454545,2005,41.8807,-87.6742,East
Bulls,1501.3196011363636,2006,41.8807,-87.6742,East
Bulls,1574.8223478260868,2007,41.8807,-87.6742,East
Bulls,1480.9398317073174,2008,41.8807,-87.6742,East
Bulls,1474.2615471910112,2009,41.8807,-87.6742,East
Bulls,1484.3601747126438,2010,41.8807,-87.6742,East
Bulls,1617.495057142857,2011,41.8807,-87.6742,East
Bulls,1670.7925069444443,2012,41.8807,-87.6742,East
Bulls,1549.85889787234,2013,41.8807,-87.6742,East
Bulls,1527.9783206896548,2014,41.8807,-87.6742,East
Bulls,1572.001603191489,2015,41.8807,-87.6742,East
Bucks,1407.9152829268294,1977,43.0439,-87.9169,East
Bucks,1489.612185714286,1978,43.0439,-87.9169,East
Bucks,1505.3027719512195,1979,43.0439,-87.9169,East
Bucks,1560.95645505618,1980,43.0439,-87.9169,East
Bucks,1652.0975101123595,1981,43.0439,-87.9169,East
Bucks,1638.659175,1982,43.0439,-87.9169,East
Bucks,1607.7712307692307,1983,43.0439,-87.9169,East
Bucks,1581.8321479591834,1984,43.0439,-87.9169,East
Bucks,1642.3740944444444,1985,43.0439,-87.9169,East
Bucks,1662.7913385416668,1986,43.0439,-87.9169,East
Bucks,1606.3295819148939,1987,43.0439,-87.9169,East
Bucks,1555.8397482758623,1988,43.0439,-87.9169,East
Bucks,1573.9128692307688,1989,43.0439,-87.9169,East
Bucks,1514.1986906976742,1990,43.0439,-87.9169,East
Bucks,1532.8885458823531,1991,43.0439,-87.9169,East
Bucks,1470.4809646341464,1992,43.0439,-87.9169,East
Bucks,1416.508331707317,1993,43.0439,-87.9169,East
Bucks,1344.409725609756,1994,43.0439,-87.9169,East
Bucks,1368.6047890243901,1995,43.0439,-87.9169,East
Bucks,1378.2595597560976,1996,43.0439,-87.9169,East
Bucks,1428.6864060975613,1997,43.0439,-87.9169,East
Bucks,1457.0754792682928,1998,43.0439,-87.9169,East
Bucks,1502.5075283018866,1999,43.0439,-87.9169,East
Bucks,1517.1392160919538,2000,43.0439,-87.9169,East
Bucks,1567.564848,2001,43.0439,-87.9169,East
Bucks,1549.5378109756098,2002,43.0439,-87.9169,East
Bucks,1482.206253409091,2003,43.0439,-87.9169,East
Bucks,1513.4091459770116,2004,43.0439,-87.9169,East
Bucks,1440.8331012195124,2005,43.0439,-87.9169,East
Bucks,1445.2587574712645,2006,43.0439,-87.9169,East
Bucks,1432.9176304878051,2007,43.0439,-87.9169,East
Bucks,1367.5353621951222,2008,43.0439,-87.9169,East
Bucks,1423.4101219512195,2009,43.0439,-87.9169,East
Bucks,1498.862657303371,2010,43.0439,-87.9169,East
Bucks,1487.7518219512197,2011,43.0439,-87.9169,East
Bucks,1494.7304590909087,2012,43.0439,-87.9169,East
Bucks,1481.6079488372095,2013,43.0439,-87.9169,East
Bucks,1319.0984390243905,2014,43.0439,-87.9169,East
Bucks,1455.5806920454545,2015,43.0439,-87.9169,East
Wizards,1544.3094802197804,1977,38.8981,-77.0209,east
Wizards,1547.3784436893209,1978,38.8981,-77.0209,east
Wizards,1619.8830415841583,1979,38.8981,-77.0209,east
Wizards,1462.3558952380954,1980,38.8981,-77.0209,east
Wizards,1488.012854878049,1981,38.8981,-77.0209,east
Wizards,1528.8602898876406,1982,38.8981,-77.0209,east
Wizards,1512.0590109756097,1983,38.8981,-77.0209,east
Wizards,1487.4012000000002,1984,38.8981,-77.0209,east
Wizards,1493.9176779069767,1985,38.8981,-77.0209,east
Wizards,1483.4665517241378,1986,38.8981,-77.0209,east
Wizards,1497.9044870588234,1987,38.8981,-77.0209,east
Wizards,1479.764855172414,1988,38.8981,-77.0209,east
Wizards,1456.258112195122,1989,38.8981,-77.0209,east
Wizards,1438.6573939024388,1990,38.8981,-77.0209,east
Wizards,1394.7555329268293,1991,38.8981,-77.0209,east
Wizards,1376.822130487805,1992,38.8981,-77.0209,east
Wizards,1351.1571365853658,1993,38.8981,-77.0209,east
Wizards,1344.0231402439026,1994,38.8981,-77.0209,east
Wizards,1332.6928426829268,1995,38.8981,-77.0209,east
Wizards,1453.5084304878048,1996,38.8981,-77.0209,east
Wizards,1507.4369494117645,1997,38.8981,-77.0209,east
Wizards,1524.3472756097563,1998,38.8981,-77.0209,east
Wizards,1473.8099900000002,1999,38.8981,-77.0209,east
Wizards,1415.3676707317074,2000,38.8981,-77.0209,east
Wizards,1349.9587475609758,2001,38.8981,-77.0209,east
Wizards,1426.1780268292684,2002,38.8981,-77.0209,east
Wizards,1472.8024195121952,2003,38.8981,-77.0209,east
Wizards,1381.4574695121953,2004,38.8981,-77.0209,east
Wizards,1470.6427945652174,2005,38.8981,-77.0209,east
Wizards,1502.9172170454542,2006,38.8981,-77.0209,east
Wizards,1518.8465988372095,2007,38.8981,-77.0209,east
Wizards,1479.020053409091,2008,38.8981,-77.0209,east
Wizards,1363.8564634146342,2009,38.8981,-77.0209,east
Wizards,1368.7466853658536,2010,38.8981,-77.0209,east
Wizards,1337.4226073170732,2011,38.8981,-77.0209,east
Wizards,1331.5222742424241,2012,38.8981,-77.0209,east
Wizards,1408.253530487805,2013,38.8981,-77.0209,east
Wizards,1506.582302150538,2014,38.8981,-77.0209,east
Wizards,1538.8614413043476,2015,38.8981,-77.0209,east
Sixers,1577.6827594059407,1977,39.9012,-75.1719,east
Sixers,1626.273401086956,1978,39.9012,-75.1719,east
Sixers,1566.7702384615386,1979,39.9012,-75.1719,east
Sixers,1621.905455,1980,39.9012,-75.1719,east
Sixers,1693.6547193877548,1981,39.9012,-75.1719,east
Sixers,1658.7058747572817,1982,39.9012,-75.1719,east
Sixers,1718.2993873684213,1983,39.9012,-75.1719,east
Sixers,1628.75257816092,1984,39.9012,-75.1719,east
Sixers,1635.487338947368,1985,39.9012,-75.1719,east
Sixers,1597.3493744680848,1986,39.9012,-75.1719,east
Sixers,1544.7493298850575,1987,39.9012,-75.1719,east
Sixers,1490.483175609756,1988,39.9012,-75.1719,east
Sixers,1518.0238152941176,1989,39.9012,-75.1719,east
Sixers,1564.8682478260873,1990,39.9012,-75.1719,east
Sixers,1523.5736199999997,1991,39.9012,-75.1719,east
Sixers,1469.141992682927,1992,39.9012,-75.1719,east
Sixers,1392.1798670731707,1993,39.9012,-75.1719,east
Sixers,1381.2895780487804,1994,39.9012,-75.1719,east
Sixers,1349.7745853658535,1995,39.9012,-75.1719,east
Sixers,1282.5806402439025,1996,39.9012,-75.1719,east
Sixers,1326.0569902439024,1997,39.9012,-75.1719,east
Sixers,1392.4730402439025,1998,39.9012,-75.1719,east
Sixers,1531.2401706896553,1999,39.9012,-75.1719,east
Sixers,1536.228391304348,2000,39.9012,-75.1719,east
Sixers,1609.6953895238096,2001,39.9012,-75.1719,east
Sixers,1542.5523344827584,2002,39.9012,-75.1719,east
Sixers,1550.8588095744678,2003,39.9012,-75.1719,east
Sixers,1475.3504109756097,2004,39.9012,-75.1719,east
Sixers,1456.4598632183906,2005,39.9012,-75.1719,east
Sixers,1466.710662195122,2006,39.9012,-75.1719,east
Sixers,1425.3158158536587,2007,39.9012,-75.1719,east
Sixers,1483.596746590909,2008,39.9012,-75.1719,east
Sixers,1503.0488647727273,2009,39.9012,-75.1719,east
Sixers,1425.4501817073171,2010,39.9012,-75.1719,east
Sixers,1494.0088701149423,2011,39.9012,-75.1719,east
Sixers,1554.7302189873417,2012,39.9012,-75.1719,east
Sixers,1448.7797695121951,2013,39.9012,-75.1719,east
Sixers,1312.8530731707317,2014,39.9012,-75.1719,east
Sixers,1281.6219292682927,2015,39.9012,-75.1719,east
Suns,1501.7278402439026,1977,33.4456,-112.0712,west
Suns,1556.8319547619046,1978,33.4456,-112.0712,west
Suns,1575.4321649484536,1979,33.4456,-112.0712,west
Suns,1597.4263966666663,1980,33.4456,-112.0712,west
Suns,1635.9027966292135,1981,33.4456,-112.0712,west
Suns,1558.8732876404495,1982,33.4456,-112.0712,west
Suns,1583.83230117647,1983,33.4456,-112.0712,west
Suns,1523.1909020202022,1984,33.4456,-112.0712,west
Suns,1494.945208235294,1985,33.4456,-112.0712,west
Suns,1431.9185670731706,1986,33.4456,-112.0712,west
Suns,1428.1773268292684,1987,33.4456,-112.0712,west
Suns,1408.7156207317073,1988,33.4456,-112.0712,west
Suns,1567.598784042553,1989,33.4456,-112.0712,west
Suns,1628.4836183673467,1990,33.4456,-112.0712,west
Suns,1634.322069767442,1991,33.4456,-112.0712,west
Suns,1600.5973155555557,1992,33.4456,-112.0712,west
Suns,1658.00274245283,1993,33.4456,-112.0712,west
Suns,1632.8418749999998,1994,33.4456,-112.0712,west
Suns,1620.0182163043482,1995,33.4456,-112.0712,west
Suns,1531.4473627906978,1996,33.4456,-112.0712,west
Suns,1478.2323344827587,1997,33.4456,-112.0712,west
Suns,1572.8066186046512,1998,33.4456,-112.0712,west
Suns,1547.2944113207548,1999,33.4456,-112.0712,west
Suns,1593.8858241758244,2000,33.4456,-112.0712,west
Suns,1581.4167441860466,2001,33.4456,-112.0712,west
Suns,1521.167854878049,2002,33.4456,-112.0712,west
Suns,1523.1982875,2003,33.4456,-112.0712,west
Suns,1449.0643524390243,2004,33.4456,-112.0712,west
Suns,1637.282713402062,2005,33.4456,-112.0712,west
Suns,1640.6407617647055,2006,33.4456,-112.0712,west
Suns,1657.3466494623653,2007,33.4456,-112.0712,west
Suns,1636.3499551724144,2008,33.4456,-112.0712,west
Suns,1560.1160097560976,2009,33.4456,-112.0712,west
Suns,1591.4717510204082,2010,33.4456,-112.0712,west
Suns,1545.3962682926829,2011,33.4456,-112.0712,west
Suns,1505.7803181818183,2012,33.4456,-112.0712,west
Suns,1433.06105,2013,33.4456,-112.0712,west
Suns,1513.4192817073172,2014,33.4456,-112.0712,west
Suns,1540.2925524390246,2015,33.4456,-112.0712,west
Spurs,1540.9920880952382,1977,29.4271,-98.4375,west
Spurs,1561.10845,1978,29.4271,-98.4375,west
Spurs,1587.281703125,1979,29.4271,-98.4375,west
Spurs,1511.213943529412,1980,29.4271,-98.4375,west
Spurs,1550.2741629213485,1981,29.4271,-98.4375,west
Spurs,1539.1011373626377,1982,29.4271,-98.4375,west
Spurs,1561.9826172043006,1983,29.4271,-98.4375,west
Spurs,1506.6806524390245,1984,29.4271,-98.4375,west
Spurs,1491.7978413793105,1985,29.4271,-98.4375,west
Spurs,1488.762602352941,1986,29.4271,-98.4375,west
Spurs,1387.0104463414634,1987,29.4271,-98.4375,west
Spurs,1407.3027717647058,1988,29.4271,-98.4375,west
Spurs,1354.4787951219512,1989,29.4271,-98.4375,west
Spurs,1511.2220532608696,1990,29.4271,-98.4375,west
Spurs,1608.8439395348835,1991,29.4271,-98.4375,west
Spurs,1576.9940623529412,1992,29.4271,-98.4375,west
Spurs,1559.551631521739,1993,29.4271,-98.4375,west
Spurs,1604.254652325581,1994,29.4271,-98.4375,west
Spurs,1641.0312907216496,1995,29.4271,-98.4375,west
Spurs,1642.494316304348,1996,29.4271,-98.4375,west
Spurs,1377.812093902439,1997,29.4271,-98.4375,west
Spurs,1527.2310274725276,1998,29.4271,-98.4375,west
Spurs,1654.8388238805971,1999,29.4271,-98.4375,west
Spurs,1655.9616034883718,2000,29.4271,-98.4375,west
Spurs,1664.290709473684,2001,29.4271,-98.4375,west
Spurs,1658.3317641304352,2002,29.4271,-98.4375,west
Spurs,1663.9661726415093,2003,29.4271,-98.4375,west
Spurs,1688.9496641304345,2004,29.4271,-98.4375,west
Spurs,1713.914579047619,2005,29.4271,-98.4375,west
Spurs,1683.8956400000004,2006,29.4271,-98.4375,west
Spurs,1679.972166666667,2007,29.4271,-98.4375,west
Spurs,1657.04364949495,2008,29.4271,-98.4375,west
Spurs,1616.2168126436782,2009,29.4271,-98.4375,west
Spurs,1600.5855163043477,2010,29.4271,-98.4375,west
Spurs,1662.8584522727272,2011,29.4271,-98.4375,west
Spurs,1651.090535,2012,29.4271,-98.4375,west
Spurs,1688.1486640776702,2013,29.4271,-98.4375,west
Spurs,1696.6352000000002,2014,29.4271,-98.4375,west
Spurs,1676.8730426966292,2015,29.4271,-98.4375,west
Jazz,1451.1554731707315,1977,40.7683,-111.9011,west
Jazz,1451.686408536585,1978,40.7683,-111.9011,west
Jazz,1408.6718853658535,1979,40.7683,-111.9011,west
Jazz,1367.0765365853658,1980,40.7683,-111.9011,west
Jazz,1378.8455243902438,1981,40.7683,-111.9011,west
Jazz,1355.5816890243902,1982,40.7683,-111.9011,west
Jazz,1387.2181060975608,1983,40.7683,-111.9011,west
Jazz,1492.8472010752691,1984,40.7683,-111.9011,west
Jazz,1495.0135119565216,1985,40.7683,-111.9011,west
Jazz,1496.509397674419,1986,40.7683,-111.9011,west
Jazz,1511.104220689655,1987,40.7683,-111.9011,west
Jazz,1538.6155956989248,1988,40.7683,-111.9011,west
Jazz,1570.0963011764707,1989,40.7683,-111.9011,west
Jazz,1573.7470597701151,1990,40.7683,-111.9011,west
Jazz,1581.7339857142856,1991,40.7683,-111.9011,west
Jazz,1605.2903642857143,1992,40.7683,-111.9011,west
Jazz,1557.0953275862073,1993,40.7683,-111.9011,west
Jazz,1582.8122040816324,1994,40.7683,-111.9011,west
Jazz,1650.0413735632178,1995,40.7683,-111.9011,west
Jazz,1641.5933699999996,1996,40.7683,-111.9011,west
Jazz,1688.4449049019606,1997,40.7683,-111.9011,west
Jazz,1683.9131607843135,1998,40.7683,-111.9011,west
Jazz,1677.7042704918035,1999,40.7683,-111.9011,west
Jazz,1605.6398402173916,2000,40.7683,-111.9011,west
Jazz,1610.0356494252876,2001,40.7683,-111.9011,west
Jazz,1554.410295348837,2002,40.7683,-111.9011,west
Jazz,1557.6571931034482,2003,40.7683,-111.9011,west
Jazz,1497.3999378048782,2004,40.7683,-111.9011,west
Jazz,1435.8578146341465,2005,40.7683,-111.9011,west
Jazz,1436.4769719512196,2006,40.7683,-111.9011,west
Jazz,1572.6105909090907,2007,40.7683,-111.9011,west
Jazz,1625.5116627659572,2008,40.7683,-111.9011,west
Jazz,1588.8517471264365,2009,40.7683,-111.9011,west
Jazz,1599.0065010869569,2010,40.7683,-111.9011,west
Jazz,1530.208,2011,40.7683,-111.9011,west
Jazz,1498.858318571429,2012,40.7683,-111.9011,west
Jazz,1518.388601219512,2013,40.7683,-111.9011,west
Jazz,1421.7087914634146,2014,40.7683,-111.9011,west
Jazz,1448.4386609756098,2015,40.7683,-111.9011,west
Cavaliers,1542.2201247058822,1977,41.4966,-81.6881,East
Cavaliers,1501.534435714286,1978,41.4966,-81.6881,East
Cavaliers,1453.9716853658538,1979,41.4966,-81.6881,East
Cavaliers,1452.1828841463416,1980,41.4966,-81.6881,East
Cavaliers,1436.328095121951,1981,41.4966,-81.6881,East
Cavaliers,1317.2951146341466,1982,41.4966,-81.6881,East
Cavaliers,1292.6508012195122,1983,41.4966,-81.6881,East
Cavaliers,1388.9529060975608,1984,41.4966,-81.6881,East
Cavaliers,1415.7814139534883,1985,41.4966,-81.6881,East
Cavaliers,1475.1140170731708,1986,41.4966,-81.6881,East
Cavaliers,1414.2625609756096,1987,41.4966,-81.6881,East
Cavaliers,1499.9086264367816,1988,41.4966,-81.6881,East
Cavaliers,1646.9600367816092,1989,41.4966,-81.6881,East
Cavaliers,1492.7451068965518,1990,41.4966,-81.6881,East
Cavaliers,1438.9949804878047,1991,41.4966,-81.6881,East
Cavaliers,1584.1197313131313,1992,41.4966,-81.6881,East
Cavaliers,1632.6234000000002,1993,41.4966,-81.6881,East
Cavaliers,1580.3060717647056,1994,41.4966,-81.6881,East
Cavaliers,1539.7584755813955,1995,41.4966,-81.6881,East
Cavaliers,1516.0722505882354,1996,41.4966,-81.6881,East
Cavaliers,1539.8437768292683,1997,41.4966,-81.6881,East
Cavaliers,1555.889318604651,1998,41.4966,-81.6881,East
Cavaliers,1523.9462219999998,1999,41.4966,-81.6881,East
Cavaliers,1433.259682926829,2000,41.4966,-81.6881,East
Cavaliers,1415.925218292683,2001,41.4966,-81.6881,East
Cavaliers,1388.2052146341464,2002,41.4966,-81.6881,East
Cavaliers,1316.7494585365853,2003,41.4966,-81.6881,East
Cavaliers,1384.7094926829268,2004,41.4966,-81.6881,East
Cavaliers,1492.1224146341465,2005,41.4966,-81.6881,East
Cavaliers,1535.6092536842102,2006,41.4966,-81.6881,East
Cavaliers,1569.0393450980391,2007,41.4966,-81.6881,East
Cavaliers,1531.4661905263158,2008,41.4966,-81.6881,East
Cavaliers,1686.1954895833335,2009,41.4966,-81.6881,East
Cavaliers,1715.1347806451608,2010,41.4966,-81.6881,East
Cavaliers,1375.161269512195,2011,41.4966,-81.6881,East
Cavaliers,1365.7331787878788,2012,41.4966,-81.6881,East
Cavaliers,1351.438756097561,2013,41.4966,-81.6881,East
Cavaliers,1387.1900085365853,2014,41.4966,-81.6881,East
Cavaliers,1570.4732392156866,2015,41.4966,-81.6881,East
Grizzlies,,1977,35.138,-90.0504,West
Grizzlies,,1978,35.138,-90.0504,West
Grizzlies,,1979,35.138,-90.0504,West
Grizzlies,,1980,35.138,-90.0504,West
Grizzlies,,1981,35.138,-90.0504,West
Grizzlies,,1982,35.138,-90.0504,West
Grizzlies,,1983,35.138,-90.0504,West
Grizzlies,,1984,35.138,-90.0504,West
Grizzlies,,1985,35.138,-90.0504,West
Grizzlies,,1986,35.138,-90.0504,West
Grizzlies,,1987,35.138,-90.0504,West
Grizzlies,,1988,35.138,-90.0504,West
Grizzlies,,1989,35.138,-90.0504,West
Grizzlies,,1990,35.138,-90.0504,West
Grizzlies,,1991,35.138,-90.0504,West
Grizzlies,,1992,35.138,-90.0504,West
Grizzlies,,1993,35.138,-90.0504,West
Grizzlies,,1994,35.138,-90.0504,West
Grizzlies,,1995,35.138,-90.0504,West
Grizzlies,1234.1214195121952,1996,35.138,-90.0504,West
Grizzlies,1236.7102390243901,1997,35.138,-90.0504,West
Grizzlies,1281.099132926829,1998,35.138,-90.0504,West
Grizzlies,1266.559498,1999,35.138,-90.0504,West
Grizzlies,1319.889193902439,2000,35.138,-90.0504,West
Grizzlies,1376.9194,2001,35.138,-90.0504,West
Grizzlies,1342.825458536585,2002,35.138,-90.0504,West
Grizzlies,1386.7209024390245,2003,35.138,-90.0504,West
Grizzlies,1541.5568790697675,2004,35.138,-90.0504,West
Grizzlies,1560.063484883721,2005,35.138,-90.0504,West
Grizzlies,1560.1195523255813,2006,35.138,-90.0504,West
Grizzlies,1418.1789,2007,35.138,-90.0504,West
Grizzlies,1369.2668500000002,2008,35.138,-90.0504,West
Grizzlies,1332.2448475609754,2009,35.138,-90.0504,West
Grizzlies,1469.0211853658536,2010,35.138,-90.0504,West
Grizzlies,1531.0198747368415,2011,35.138,-90.0504,West
Grizzlies,1584.6027068493152,2012,35.138,-90.0504,West
Grizzlies,1622.5902989690724,2013,35.138,-90.0504,West
Grizzlies,1571.982848314607,2014,35.138,-90.0504,West
Grizzlies,1620.6785258064515,2015,35.138,-90.0504,West
