team,mean_elo,year
Clippers,,1976
Clippers,1441.0204707317073,1977
Clippers,1407.9990682926828,1978
Clippers,1444.8997719512195,1979
Clippers,1468.3203792682928,1980
Clippers,1437.8874512195125,1981
Clippers,1375.8980597560976,1982
Clippers,1352.2386280487808,1983
Clippers,1400.2149890243904,1984
Clippers,1412.216557317073,1985
Clippers,1379.7971817073173,1986
Clippers,1309.4766743902437,1987
Clippers,1269.8863121951222,1988
Clippers,1273.777630487805,1989
Clippers,1380.35675,1990
Clippers,1384.3496975609755,1991
Clippers,1479.4787287356319,1992
Clippers,1522.7129712643678,1993
Clippers,1413.4459841463415,1994
Clippers,1309.0537012195123,1995
Clippers,1381.7397951219511,1996
Clippers,1422.9537835294118,1997
Clippers,1328.3683341463413,1998
Clippers,1277.2081580000001,1999
Clippers,1276.9904292682927,2000
Clippers,1358.1049804878048,2001
Clippers,1498.56986097561,2002
Clippers,1425.522213414634,2003
Clippers,1428.5291170731707,2004
Clippers,1460.3311097560972,2005
Clippers,1536.2212670212766,2006
Clippers,1513.3890780487804,2007
Clippers,1417.5492975609754,2008
Clippers,1327.4370670731705,2009
Clippers,1365.9147414634147,2010
Clippers,1387.0146829268294,2011
Clippers,1540.512120779221,2012
Clippers,1629.794928409091,2013
Clippers,1650.5047968421052,2014
Clippers,1658.2184406249999,2015
Kings,,1976
Kings,1504.5463487804877,1977
Kings,1462.3202219512193,1978
Kings,1538.0911494252875,1979
Kings,1569.431914117647,1980
Kings,1501.093218556701,1981
Kings,1418.6889682926828,1982
Kings,1479.9090707317073,1983
Kings,1481.981788235294,1984
Kings,1423.198074390244,1985
Kings,1442.6797752941177,1986
Kings,1415.1382268292682,1987
Kings,1378.100080487805,1988
Kings,1358.4344853658538,1989
Kings,1359.3005707317072,1990
Kings,1323.8245219512196,1991
Kings,1354.0696585365854,1992
Kings,1394.8900841463415,1993
Kings,1365.2026500000002,1994
Kings,1469.3960670731706,1995
Kings,1454.6175476744183,1996
Kings,1413.9996890243901,1997
Kings,1416.677637804878,1998
Kings,1422.5335145454544,1999
Kings,1536.3408137931035,2000
Kings,1622.130036666667,2001
Kings,1665.2071265306122,2002
Kings,1667.3842648936172,2003
Kings,1649.2497882978726,2004
Kings,1586.1372379310344,2005
Kings,1519.0844125,2006
Kings,1491.7851731707317,2007
Kings,1452.7099207317074,2008
Kings,1350.9132536585366,2009
Kings,1348.9213902439026,2010
Kings,1347.9094390243902,2011
Kings,1400.8652712121213,2012
Kings,1392.4726280487805,2013
Kings,1415.2395585365853,2014
Kings,1425.4173695121951,2015
Nets,,1976
Nets,1422.930693902439,1977
Nets,1327.6402134146342,1978
Nets,1436.3122166666665,1979
Nets,1441.9012585365854,1980
Nets,1379.1170829268294,1981
Nets,1462.2378321428573,1982
Nets,1570.3029047619045,1983
Nets,1546.239167741935,1984
Nets,1521.7237835294118,1985
Nets,1500.6704235294117,1986
Nets,1407.766780487805,1987
Nets,1344.0496012195124,1988
Nets,1369.675763414634,1989
Nets,1299.9804841463415,1990
Nets,1325.8467073170732,1991
Nets,1418.2941441860462,1992
Nets,1514.3965839080458,1993
Nets,1523.1433755813953,1994
Nets,1455.1705036585365,1995
Nets,1395.812131707317,1996
Nets,1358.424962195122,1997
Nets,1503.4238952941175,1998
Nets,1434.21348,1999
Nets,1452.8080329268291,2000
Nets,1391.4590658536588,2001
Nets,1532.5674284313725,2002
Nets,1596.1890058823528,2003
Nets,1576.9871978494623,2004
Nets,1455.1752779069768,2005
Nets,1538.4093935483868,2006
Nets,1490.266124468085,2007
Nets,1433.7874987804878,2008
Nets,1441.972681707317,2009
Nets,1304.6722158536586,2010
Nets,1346.3202134146343,2011
Nets,1343.0871424242423,2012
Nets,1504.1942393258423,2013
Nets,1502.8667340425534,2014
Nets,1468.861828409091,2015
Thunder,,1976
Thunder,1493.2818829268294,1977
Thunder,1525.9190134615383,1978
Thunder,1585.6314303030306,1979
Thunder,1632.3038587628866,1980
Thunder,1488.2522170731706,1981
Thunder,1557.620312222222,1982
Thunder,1558.4558178571428,1983
Thunder,1507.3205597701153,1984
Thunder,1443.2775146341464,1985
Thunder,1424.7057792682926,1986
Thunder,1497.674671875,1987
Thunder,1523.0683574712646,1988
Thunder,1536.9715144444444,1989
Thunder,1502.0651463414636,1990
Thunder,1488.2771505747126,1991
Thunder,1534.704274725275,1992
Thunder,1619.866010891089,1993
Thunder,1664.9032666666665,1994
Thunder,1671.889019767442,1995
Thunder,1674.2875990291263,1996
Thunder,1658.0295148936166,1997
Thunder,1650.7886684782611,1998
Thunder,1530.414272,1999
Thunder,1512.944171264368,2000
Thunder,1515.759324390244,2001
Thunder,1567.6154494252874,2002
Thunder,1510.8633341463412,2003
Thunder,1492.8221646341462,2004
Thunder,1580.0326860215057,2005
Thunder,1458.0431914634146,2006
Thunder,1456.089042682927,2007
Thunder,1349.8675719512196,2008
Thunder,1317.0346097560973,2009
Thunder,1534.313946590909,2010
Thunder,1602.1865535353534,2011
Thunder,1676.024510465116,2012
Thunder,1694.7932462365593,2013
Thunder,1676.5966722772275,2014
Thunder,1580.8519402439024,2015
Pistons,,1976
Pistons,1503.04984,1977
Pistons,1466.0600914634147,1978
Pistons,1439.198707317073,1979
Pistons,1362.2502365853659,1980
Pistons,1296.2981670731706,1981
Pistons,1466.6240658536585,1982
Pistons,1492.117562195122,1983
Pistons,1543.8528574712648,1984
Pistons,1573.0211769230768,1985
Pistons,1532.9493488372093,1986
Pistons,1590.1796907216494,1987
Pistons,1642.6889885714284,1988
Pistons,1671.6336888888889,1989
Pistons,1682.6279088235292,1990
Pistons,1606.093616494845,1991
Pistons,1542.5092425287357,1992
Pistons,1487.7204926829268,1993
Pistons,1380.0208780487806,1994
Pistons,1336.5611999999999,1995
Pistons,1475.8583176470588,1996
Pistons,1604.308495402299,1997
Pistons,1525.5753475609756,1998
Pistons,1566.9640981818181,1999
Pistons,1543.6416023529412,2000
Pistons,1447.7255902439022,2001
Pistons,1520.536408695652,2002
Pistons,1586.1087484848485,2003
Pistons,1614.0634095238095,2004
Pistons,1613.0917887850467,2005
Pistons,1690.9869249999997,2006
Pistons,1614.7696959183675,2007
Pistons,1651.2522727272728,2008
Pistons,1532.7718034883721,2009
Pistons,1396.7273890243903,2010
Pistons,1391.0489292682926,2011
Pistons,1380.9449727272727,2012
Pistons,1410.706443902439,2013
Pistons,1401.4150097560976,2014
Pistons,1407.8583597560976,2015
Pelicans,,1976
Pelicans,,1977
Pelicans,,1978
Pelicans,,1979
Pelicans,,1980
Pelicans,,1981
Pelicans,,1982
Pelicans,,1983
Pelicans,,1984
Pelicans,,1985
Pelicans,,1986
Pelicans,,1987
Pelicans,,1988
Pelicans,1275.917012195122,1989
Pelicans,1269.9957548780485,1990
Pelicans,1345.2692000000002,1991
Pelicans,1394.257112195122,1992
Pelicans,1470.992412087912,1993
Pelicans,1491.782754878049,1994
Pelicans,1551.342111627907,1995
Pelicans,1497.589174390244,1996
Pelicans,1545.7577447058825,1997
Pelicans,1567.960146153846,1998
Pelicans,1511.1367980000002,1999
Pelicans,1561.0014500000002,2000
Pelicans,1567.9856641304352,2001
Pelicans,1529.51350989011,2002
Pelicans,1542.7082000000003,2003
Pelicans,1514.046106741573,2004
Pelicans,1372.631874390244,2005
Pelicans,1443.9674378048783,2006
Pelicans,1451.9541341463414,2007
Pelicans,1596.442441489361,2008
Pelicans,1590.729436781609,2009
Pelicans,1470.5429780487805,2010
Pelicans,1528.9786636363635,2011
Pelicans,1419.2049166666666,2012
Pelicans,1424.5746365853659,2013
Pelicans,1444.298725609756,2014
Pelicans,1500.7466279069768,2015
Celtics,,1976
Celtics,1507.1401846153842,1977
Celtics,1455.1330670731709,1978
Celtics,1416.9338707317072,1979
Celtics,1603.6862659340654,1980
Celtics,1674.9213131313131,1981
Celtics,1676.5398968085108,1982
Celtics,1654.1035786516852,1983
Celtics,1647.1475390476191,1984
Celtics,1686.3284504854369,1985
Celtics,1723.4892479999994,1986
Celtics,1701.847296190476,1987
Celtics,1637.9715595959597,1988
Celtics,1536.398605882353,1989
Celtics,1547.215017241379,1990
Celtics,1610.7729311827954,1991
Celtics,1558.6011499999997,1992
Celtics,1542.1312744186046,1993
Celtics,1444.5151780487806,1994
Celtics,1432.7487906976744,1995
Celtics,1416.7910914634147,1996
Celtics,1339.36103902439,1997
Celtics,1399.5524365853657,1998
Celtics,1434.9575699999998,1999
Celtics,1459.9537024390245,2000
Celtics,1448.9778719512196,2001
Celtics,1530.3350897959183,2002
Celtics,1521.8609673913045,2003
Celtics,1457.1560290697673,2004
Celtics,1498.2333932584272,2005
Celtics,1471.0040682926829,2006
Celtics,1389.8860085365855,2007
Celtics,1646.7464972222222,2008
Celtics,1702.1227083333333,2009
Celtics,1620.729128301887,2010
Celtics,1660.3392175824179,2011
Celtics,1575.9561732558136,2012
Celtics,1527.4821770114943,2013
Celtics,1419.620207317073,2014
Celtics,1425.5194279069767,2015
Warriors,,1976
Warriors,1556.3186782608695,1977
Warriors,1521.7515353658537,1978
Warriors,1516.5801365853658,1979
Warriors,1428.8194573170733,1980
Warriors,1472.9594195121952,1981
Warriors,1510.1634524390242,1982
Warriors,1443.9453304878048,1983
Warriors,1431.9211670731709,1984
Warriors,1358.2443292682926,1985
Warriors,1389.3861207317073,1986
Warriors,1466.5008913043478,1987
Warriors,1372.5937036585365,1988
Warriors,1455.6442466666667,1989
Warriors,1446.5294231707317,1990
Warriors,1498.122036263736,1991
Warriors,1581.071176744186,1992
Warriors,1500.4033865853658,1993
Warriors,1507.4661917647059,1994
Warriors,1435.9790329268294,1995
Warriors,1435.021007317073,1996
Warriors,1408.4688280487806,1997
Warriors,1299.0450036585364,1998
Warriors,1389.8050340000002,1999
Warriors,1354.1596036585368,2000
Warriors,1326.9366951219513,2001
Warriors,1331.5438036585365,2002
Warriors,1439.0334817073172,2003
Warriors,1474.607625609756,2004
Warriors,1428.4577853658539,2005
Warriors,1478.9400036585364,2006
Warriors,1491.5481440860215,2007
Warriors,1585.928845121951,2008
Warriors,1453.1146048780488,2009
Warriors,1390.661835365854,2010
Warriors,1431.6698609756097,2011
Warriors,1453.5225772727272,2012
Warriors,1520.0389882978727,2013
Warriors,1603.997368539326,2014
Warriors,1725.5747640776701,2015
Trailblazers,,1976
Trailblazers,1566.9299336633667,1977
Trailblazers,1671.7457874999998,1978
Trailblazers,1524.1102835294118,1979
Trailblazers,1530.4879094117648,1980
Trailblazers,1495.4662388235295,1981
Trailblazers,1516.5549158536585,1982
Trailblazers,1529.5807764044941,1983
Trailblazers,1563.2416873563213,1984
Trailblazers,1533.9490516483515,1985
Trailblazers,1528.4923034883723,1986
Trailblazers,1546.2567593023255,1987
Trailblazers,1568.2623279069765,1988
Trailblazers,1524.3009011764705,1989
Trailblazers,1595.714877669903,1990
Trailblazers,1671.1295122448978,1991
Trailblazers,1655.3215864077667,1992
Trailblazers,1597.889115116279,1993
Trailblazers,1563.4487058139534,1994
Trailblazers,1565.885349411765,1995
Trailblazers,1513.2677114942528,1996
Trailblazers,1547.82431627907,1997
Trailblazers,1548.4381895348836,1998
Trailblazers,1586.7985126984127,1999
Trailblazers,1651.6312081632657,2000
Trailblazers,1629.868542352941,2001
Trailblazers,1564.271732941176,2002
Trailblazers,1587.058150561798,2003
Trailblazers,1517.672836585366,2004
Trailblazers,1448.2701390243903,2005
Trailblazers,1351.8621341463413,2006
Trailblazers,1384.5836195121951,2007
Trailblazers,1478.4439756097559,2008
Trailblazers,1569.3183420454545,2009
Trailblazers,1579.2635761363636,2010
Trailblazers,1544.3840397727274,2011
Trailblazers,1521.5536590909092,2012
Trailblazers,1459.242604878049,2013
Trailblazers,1579.0642462365593,2014
Trailblazers,1616.898674712644,2015
Knicks,,1976
Knicks,1493.8316792682926,1977
Knicks,1511.8600829545453,1978
Knicks,1462.5372414634148,1979
Knicks,1456.6374853658538,1980
Knicks,1537.3628714285715,1981
Knicks,1484.193731707317,1982
Knicks,1503.4943500000002,1983
Knicks,1592.892203191489,1984
Knicks,1432.298993902439,1985
Knicks,1370.2115695121952,1986
Knicks,1371.8337134146343,1987
Knicks,1436.1974406976742,1988
Knicks,1576.1300065934067,1989
Knicks,1538.052220652174,1990
Knicks,1473.2887929411766,1991
Knicks,1556.1415010638293,1992
Knicks,1640.6243804123715,1993
Knicks,1654.5753121495327,1994
Knicks,1610.85137311828,1995
Knicks,1567.4812999999997,1996
Knicks,1590.40155,1997
Knicks,1576.5528989130437,1998
Knicks,1558.174132857143,1999
Knicks,1580.3470602040816,2000
Knicks,1541.8802356321837,2001
Knicks,1432.8021548780487,2002
Knicks,1442.3498670731706,2003
Knicks,1460.0918837209304,2004
Knicks,1427.1802097560976,2005
Knicks,1362.6570073170733,2006
Knicks,1412.1408743902439,2007
Knicks,1359.4456280487805,2008
Knicks,1402.1128256097563,2009
Knicks,1403.0687865853658,2010
Knicks,1482.1219441860467,2011
Knicks,1505.6349070422534,2012
Knicks,1592.2807882978725,2013
Knicks,1472.9329048780487,2014
Knicks,1352.518814634146,2015
Heat,,1976
Heat,,1977
Heat,,1978
Heat,,1979
Heat,,1980
Heat,,1981
Heat,,1982
Heat,,1983
Heat,,1984
Heat,,1985
Heat,,1986
Heat,,1987
Heat,,1988
Heat,1223.7923585365852,1989
Heat,1269.3649109756097,1990
Heat,1318.8520682926828,1991
Heat,1417.3020929411769,1992
Heat,1447.5449682926828,1993
Heat,1534.727957471264,1994
Heat,1460.7109304878047,1995
Heat,1480.4957811764705,1996
Heat,1625.040848484848,1997
Heat,1630.1720724137933,1998
Heat,1604.374501818182,1999
Heat,1586.003814130435,2000
Heat,1569.9280352941178,2001
Heat,1452.4142707317073,2002
Heat,1418.229819512195,2003
Heat,1455.217045263158,2004
Heat,1634.42977628866,2005
Heat,1615.043341904762,2006
Heat,1516.943238372093,2007
Heat,1343.776463414634,2008
Heat,1452.2687359550564,2009
Heat,1526.755812643678,2010
Heat,1656.6396417475723,2011
Heat,1676.0518797752807,2012
Heat,1703.8573304761906,2013
Heat,1664.370055882353,2014
Heat,1488.709397560976,2015
Nuggets,,1976
Nuggets,1614.3675397727272,1977
Nuggets,1548.6577578947372,1978
Nuggets,1531.0339647058825,1979
Nuggets,1447.595318292683,1980
Nuggets,1434.2031573170732,1981
Nuggets,1502.8964176470586,1982
Nuggets,1513.7299622222222,1983
Nuggets,1491.7519781609194,1984
Nuggets,1554.5723422680412,1985
Nuggets,1554.8349206521743,1986
Nuggets,1476.2833341176467,1987
Nuggets,1551.1181903225809,1988
Nuggets,1529.7201423529414,1989
Nuggets,1494.7956294117648,1990
Nuggets,1331.365819512195,1991
Nuggets,1332.7676365853658,1992
Nuggets,1386.9826243902442,1993
Nuggets,1515.5640191489358,1994
Nuggets,1531.5675505882355,1995
Nuggets,1469.251375609756,1996
Nuggets,1361.8408865853658,1997
Nuggets,1225.1040353658536,1998
Nuggets,1295.301208,1999
Nuggets,1406.1286987804879,2000
Nuggets,1468.6875390243904,2001
Nuggets,1412.6297987804878,2002
Nuggets,1336.3920756097561,2003
Nuggets,1482.3158091954022,2004
Nuggets,1525.74478045977,2005
Nuggets,1532.5354425287353,2006
Nuggets,1516.0882827586208,2007
Nuggets,1575.7037906976745,2008
Nuggets,1605.67382244898,2009
Nuggets,1626.1860170454545,2010
Nuggets,1587.60818045977,2011
Nuggets,1581.9706534246575,2012
Nuggets,1622.2079159090908,2013
Nuggets,1514.0941134146342,2014
Nuggets,1447.915806097561,2015
Mavericks,,1976
Mavericks,,1977
Mavericks,,1978
Mavericks,,1979
Mavericks,,1980
Mavericks,1240.4097524390243,1981
Mavericks,1338.243474390244,1982
Mavericks,1462.7265902439024,1983
Mavericks,1498.3755510869566,1984
Mavericks,1523.1990720930232,1985
Mavericks,1524.2487510869566,1986
Mavericks,1606.8414732558142,1987
Mavericks,1591.9426747474747,1988
Mavericks,1492.9972158536586,1989
Mavericks,1473.1135141176471,1990
Mavericks,1420.6428243902437,1991
Mavericks,1326.5214536585368,1992
Mavericks,1187.3043402439025,1993
Mavericks,1221.5809731707316,1994
Mavericks,1400.6224731707316,1995
Mavericks,1392.8275914634146,1996
Mavericks,1345.3295670731707,1997
Mavericks,1314.5713024390245,1998
Mavericks,1373.153966,1999
Mavericks,1456.9267926829266,2000
Mavericks,1583.7888010869565,2001
Mavericks,1618.0213577777774,2002
Mavericks,1690.3159294117647,2003
Mavericks,1617.0567068965515,2004
Mavericks,1630.7071031578948,2005
Mavericks,1677.1008685714285,2006
Mavericks,1695.088325,2007
Mavericks,1617.963342528735,2008
Mavericks,1571.6329510869562,2009
Mavericks,1601.472668181818,2010
Mavericks,1635.1747349514565,2011
Mavericks,1591.2576157142857,2012
Mavericks,1494.8288231707318,2013
Mavericks,1564.1789584269661,2014
Mavericks,1598.191924137931,2015
Pacers,,1976
Pacers,1480.4410512195122,1977
Pacers,1444.2032914634146,1978
Pacers,1449.5205939024388,1979
Pacers,1477.249406097561,1980
Pacers,1524.002619047619,1981
Pacers,1484.4129804878046,1982
Pacers,1370.1781731707317,1983
Pacers,1369.9596512195124,1984
Pacers,1379.4785731707318,1985
Pacers,1398.5099353658538,1986
Pacers,1481.2700802325583,1987
Pacers,1498.9581939024392,1988
Pacers,1418.8300256097561,1989
Pacers,1485.0630929411766,1990
Pacers,1473.1410816091955,1991
Pacers,1508.7072811764706,1992
Pacers,1519.1310883720928,1993
Pacers,1561.0082040816326,1994
Pacers,1610.7860717171714,1995
Pacers,1590.3298080459772,1996
Pacers,1538.1001829268291,1997
Pacers,1627.5006397959185,1998
Pacers,1628.270988888889,1999
Pacers,1626.8970552380952,2000
Pacers,1519.2949,2001
Pacers,1496.156832183908,2002
Pacers,1552.4837329545453,2003
Pacers,1613.8312153061224,2004
Pacers,1544.673616842105,2005
Pacers,1526.9609954545456,2006
Pacers,1464.2923475609757,2007
Pacers,1437.0906670731706,2008
Pacers,1464.1336914634146,2009
Pacers,1427.3820414634147,2010
Pacers,1481.1520436781607,2011
Pacers,1553.134977922078,2012
Pacers,1579.5378220000002,2013
Pacers,1614.1655950495053,2014
Pacers,1478.1334256097562,2015
Timberwolves,,1976
Timberwolves,,1977
Timberwolves,,1978
Timberwolves,,1979
Timberwolves,,1980
Timberwolves,,1981
Timberwolves,,1982
Timberwolves,,1983
Timberwolves,,1984
Timberwolves,,1985
Timberwolves,,1986
Timberwolves,,1987
Timberwolves,,1988
Timberwolves,,1989
Timberwolves,1319.0188256097563,1990
Timberwolves,1364.9903914634147,1991
Timberwolves,1324.4210475609755,1992
Timberwolves,1302.1512548780488,1993
Timberwolves,1320.9710597560977,1994
Timberwolves,1292.3687024390244,1995
Timberwolves,1352.322213414634,1996
Timberwolves,1431.1256035294118,1997
Timberwolves,1481.6923252873562,1998
Timberwolves,1507.4150203703703,1999
Timberwolves,1519.9581244186047,2000
Timberwolves,1549.9985313953484,2001
Timberwolves,1591.323963529412,2002
Timberwolves,1561.5951272727273,2003
Timberwolves,1635.1831120000002,2004
Timberwolves,1556.031219512195,2005
Timberwolves,1493.8701414634147,2006
Timberwolves,1445.9526609756097,2007
Timberwolves,1330.2053134146342,2008
Timberwolves,1368.5171158536584,2009
Timberwolves,1302.6781475609755,2010
Timberwolves,1314.6176073170734,2011
Timberwolves,1428.9643969696967,2012
Timberwolves,1435.8570707317072,2013
Timberwolves,1542.6098414634146,2014
Timberwolves,1365.595607317073,2015
Hawks,,1976
Hawks,1379.6318,1977
Hawks,1479.2726416666667,1978
Hawks,1532.8125813186814,1979
Hawks,1582.3186586206898,1980
Hawks,1472.06228902439,1981
Hawks,1480.7194107142857,1982
Hawks,1506.2671000000003,1983
Hawks,1483.1517459770116,1984
Hawks,1470.7965524390243,1985
Hawks,1529.0034824175825,1986
Hawks,1632.8475208791212,1987
Hawks,1611.2264382978728,1988
Hawks,1591.5445241379314,1989
Hawks,1512.7496158536585,1990
Hawks,1523.4941367816093,1991
Hawks,1485.461818292683,1992
Hawks,1472.7751094117648,1993
Hawks,1601.3654215053764,1994
Hawks,1524.8227564705883,1995
Hawks,1527.9480739130433,1996
Hawks,1610.3832032608695,1997
Hawks,1589.7803069767444,1998
Hawks,1584.031289830508,1999
Hawks,1447.5933231707318,2000
Hawks,1355.3075804878047,2001
Hawks,1388.1355097560975,2002
Hawks,1423.2803256097561,2003
Hawks,1400.8164207317075,2004
Hawks,1302.470062195122,2005
Hawks,1309.4960048780488,2006
Hawks,1388.682174390244,2007
Hawks,1437.814691011236,2008
Hawks,1523.054848387097,2009
Hawks,1586.7381107526876,2010
Hawks,1536.1646936170212,2011
Hawks,1539.0646263888889,2012
Hawks,1525.0193738636365,2013
Hawks,1480.9952146067412,2014
Hawks,1607.266843877551,2015
Lakers,,1976
Lakers,1555.7011150537633,1977
Lakers,1551.652542352941,1978
Lakers,1583.4381711111107,1979
Lakers,1625.2270387755102,1980
Lakers,1637.2684800000002,1981
Lakers,1614.3281822916663,1982
Lakers,1654.0810484536084,1983
Lakers,1594.0189281553398,1984
Lakers,1663.0926930693072,1985
Lakers,1693.3937270833333,1986
Lakers,1687.776324,1987
Lakers,1680.2887849056601,1988
Lakers,1644.043306185567,1989
Lakers,1668.294852747253,1990
Lakers,1651.4660089108909,1991
Lakers,1530.1423093023257,1992
Lakers,1470.8105126436783,1993
Lakers,1415.769207317073,1994
Lakers,1509.7597315217392,1995
Lakers,1573.466680232558,1996
Lakers,1606.8262318681316,1997
Lakers,1656.8773252631581,1998
Lakers,1619.301572413793,1999
Lakers,1679.2352695238094,2000
Lakers,1635.386710204082,2001
Lakers,1693.7172475247523,2002
Lakers,1602.5870702127656,2003
Lakers,1631.2519490384616,2004
Lakers,1521.765263414634,2005
Lakers,1520.8055168539329,2006
Lakers,1533.007732183908,2007
Lakers,1636.1180514563105,2008
Lakers,1720.7080666666668,2009
Lakers,1684.1989523809525,2010
Lakers,1652.4449576086956,2011
Lakers,1593.5651243589741,2012
Lakers,1535.1592372093023,2013
Lakers,1414.0110719512195,2014
Lakers,1372.5224914634143,2015
Rockets,,1976
Rockets,1537.7508319148935,1977
Rockets,1458.0764207317072,1978
Rockets,1485.3790452380954,1979
Rockets,1506.0860898876406,1980
Rockets,1491.728290291262,1981
Rockets,1514.777377647059,1982
Rockets,1322.8947280487805,1983
Rockets,1379.2907756097559,1984
Rockets,1500.3409919540227,1985
Rockets,1561.4901264705886,1986
Rockets,1531.810320652174,1987
Rockets,1551.6224813953493,1988
Rockets,1513.7956593023255,1989
Rockets,1498.9068,1990
Rockets,1560.5231211764708,1991
Rockets,1487.9015841463415,1992
Rockets,1558.3654648936167,1993
Rockets,1629.5451695238096,1994
Rockets,1599.6583903846154,1995
Rockets,1596.4992566666665,1996
Rockets,1590.419755102041,1997
Rockets,1534.0587862068965,1998
Rockets,1518.0305962962962,1999
Rockets,1460.822275609756,2000
Rockets,1541.56015,2001
Rockets,1456.7715243902442,2002
Rockets,1501.5162926829269,2003
Rockets,1565.1604551724135,2004
Rockets,1569.5838516853937,2005
Rockets,1511.1037158536585,2006
Rockets,1579.4948674157301,2007
Rockets,1605.168905681818,2008
Rockets,1616.9809547368418,2009
Rockets,1562.3859914634147,2010
Rockets,1514.9585560975609,2011
Rockets,1528.0532666666663,2012
Rockets,1559.0612647727276,2013
Rockets,1613.069651136364,2014
Rockets,1623.4501404040404,2015
Hornets,,1976
Hornets,,1977
Hornets,,1978
Hornets,,1979
Hornets,,1980
Hornets,,1981
Hornets,,1982
Hornets,,1983
Hornets,,1984
Hornets,,1985
Hornets,,1986
Hornets,,1987
Hornets,,1988
Hornets,,1989
Hornets,,1990
Hornets,,1991
Hornets,,1992
Hornets,,1993
Hornets,,1994
Hornets,,1995
Hornets,,1996
Hornets,,1997
Hornets,,1998
Hornets,,1999
Hornets,,2000
Hornets,,2001
Hornets,,2002
Hornets,,2003
Hornets,,2004
Hornets,1278.0913463414633,2005
Hornets,1354.564092682927,2006
Hornets,1403.588343902439,2007
Hornets,1418.0348524390245,2008
Hornets,1448.594837804878,2009
Hornets,1516.7150511627906,2010
Hornets,1453.8954475609758,2011
Hornets,1284.1820424242424,2012
Hornets,1260.204442682927,2013
Hornets,1436.816938372093,2014
Hornets,1453.9361426829269,2015
Magic,,1976
Magic,,1977
Magic,,1978
Magic,,1979
Magic,,1980
Magic,,1981
Magic,,1982
Magic,,1983
Magic,,1984
Magic,,1985
Magic,,1986
Magic,,1987
Magic,,1988
Magic,,1989
Magic,1296.9116036585365,1990
Magic,1334.8330536585365,1991
Magic,1351.0683975609757,1992
Magic,1469.9039317073173,1993
Magic,1561.438362352941,1994
Magic,1637.9254533980582,1995
Magic,1620.1441234042552,1996
Magic,1536.9846896551724,1997
Magic,1479.8246731707318,1998
Magic,1561.2457296296297,1999
Magic,1510.475856097561,2000
Magic,1512.1596813953488,2001
Magic,1524.5113337209302,2002
Magic,1497.4846752808992,2003
Magic,1373.4191499999997,2004
Magic,1420.9937268292683,2005
Magic,1412.3433963414634,2006
Magic,1495.3229209302328,2007
Magic,1573.343654347826,2008
Magic,1649.7633886792453,2009
Magic,1663.344817708333,2010
Magic,1643.2747011363635,2011
Magic,1558.4110633802816,2012
Magic,1357.1337707317075,2013
Magic,1331.747269512195,2014
Magic,1339.4265939024388,2015
Raptors,,1976
Raptors,,1977
Raptors,,1978
Raptors,,1979
Raptors,,1980
Raptors,,1981
Raptors,,1982
Raptors,,1983
Raptors,,1984
Raptors,,1985
Raptors,,1986
Raptors,,1987
Raptors,,1988
Raptors,,1989
Raptors,,1990
Raptors,,1991
Raptors,,1992
Raptors,,1993
Raptors,,1994
Raptors,,1995
Raptors,1299.4182280487805,1996
Raptors,1370.1560256097562,1997
Raptors,1327.9629658536587,1998
Raptors,1396.8490299999999,1999
Raptors,1496.565662352941,2000
Raptors,1529.844809574468,2001
Raptors,1520.003,2002
Raptors,1396.0576670731707,2003
Raptors,1404.130304878049,2004
Raptors,1428.540598780488,2005
Raptors,1406.3006365853657,2006
Raptors,1482.303253409091,2007
Raptors,1537.957585057471,2008
Raptors,1456.457920731707,2009
Raptors,1476.7681134146342,2010
Raptors,1377.731262195122,2011
Raptors,1368.2721348484847,2012
Raptors,1434.183487804878,2013
Raptors,1550.1749382022474,2014
Raptors,1571.7330441860465,2015
Bulls,,1976
Bulls,1467.7952411764704,1977
Bulls,1535.310842682927,1978
Bulls,1412.7385658536587,1979
Bulls,1418.8712060975608,1980
Bulls,1505.6026204545453,1981
Bulls,1483.3606073170733,1982
Bulls,1416.6005524390243,1983
Bulls,1414.0247036585367,1984
Bulls,1448.46501627907,1985
Bulls,1413.115688235294,1986
Bulls,1485.52184,1987
Bulls,1564.9532380434782,1988
Bulls,1559.5368808080807,1989
Bulls,1591.058231632653,1990
Bulls,1678.635937373737,1991
Bulls,1753.4279528846155,1992
Bulls,1681.6755277227724,1993
Bulls,1616.1521847826093,1994
Bulls,1576.9967239130435,1995
Bulls,1744.2614680000001,1996
Bulls,1788.6395405940593,1997
Bulls,1713.1909805825244,1998
Bulls,1496.7912919999999,1999
Bulls,1307.1333475609754,2000
Bulls,1262.646874390244,2001
Bulls,1292.6427780487804,2002
Bulls,1364.2428914634147,2003
Bulls,1354.472919512195,2004
Bulls,1463.0417295454545,2005
Bulls,1501.3196011363636,2006
Bulls,1574.8223478260868,2007
Bulls,1480.9398317073174,2008
Bulls,1474.2615471910112,2009
Bulls,1484.3601747126438,2010
Bulls,1617.495057142857,2011
Bulls,1670.7925069444443,2012
Bulls,1549.85889787234,2013
Bulls,1527.9783206896548,2014
Bulls,1572.001603191489,2015
Bucks,,1976
Bucks,1407.9152829268294,1977
Bucks,1489.612185714286,1978
Bucks,1505.3027719512195,1979
Bucks,1560.95645505618,1980
Bucks,1652.0975101123595,1981
Bucks,1638.659175,1982
Bucks,1607.7712307692307,1983
Bucks,1581.8321479591834,1984
Bucks,1642.3740944444444,1985
Bucks,1662.7913385416668,1986
Bucks,1606.3295819148939,1987
Bucks,1555.8397482758623,1988
Bucks,1573.9128692307688,1989
Bucks,1514.1986906976742,1990
Bucks,1532.8885458823531,1991
Bucks,1470.4809646341464,1992
Bucks,1416.508331707317,1993
Bucks,1344.409725609756,1994
Bucks,1368.6047890243901,1995
Bucks,1378.2595597560976,1996
Bucks,1428.6864060975613,1997
Bucks,1457.0754792682928,1998
Bucks,1502.5075283018866,1999
Bucks,1517.1392160919538,2000
Bucks,1567.564848,2001
Bucks,1549.5378109756098,2002
Bucks,1482.206253409091,2003
Bucks,1513.4091459770116,2004
Bucks,1440.8331012195124,2005
Bucks,1445.2587574712645,2006
Bucks,1432.9176304878051,2007
Bucks,1367.5353621951222,2008
Bucks,1423.4101219512195,2009
Bucks,1498.862657303371,2010
Bucks,1487.7518219512197,2011
Bucks,1494.7304590909087,2012
Bucks,1481.6079488372095,2013
Bucks,1319.0984390243905,2014
Bucks,1455.5806920454545,2015
Wizards,,1976
Wizards,1544.3094802197804,1977
Wizards,1547.3784436893209,1978
Wizards,1619.8830415841583,1979
Wizards,1462.3558952380954,1980
Wizards,1488.012854878049,1981
Wizards,1528.8602898876406,1982
Wizards,1512.0590109756097,1983
Wizards,1487.4012000000002,1984
Wizards,1493.9176779069767,1985
Wizards,1483.4665517241378,1986
Wizards,1497.9044870588234,1987
Wizards,1479.764855172414,1988
Wizards,1456.258112195122,1989
Wizards,1438.6573939024388,1990
Wizards,1394.7555329268293,1991
Wizards,1376.822130487805,1992
Wizards,1351.1571365853658,1993
Wizards,1344.0231402439026,1994
Wizards,1332.6928426829268,1995
Wizards,1453.5084304878048,1996
Wizards,1507.4369494117645,1997
Wizards,1524.3472756097563,1998
Wizards,1473.8099900000002,1999
Wizards,1415.3676707317074,2000
Wizards,1349.9587475609758,2001
Wizards,1426.1780268292684,2002
Wizards,1472.8024195121952,2003
Wizards,1381.4574695121953,2004
Wizards,1470.6427945652174,2005
Wizards,1502.9172170454542,2006
Wizards,1518.8465988372095,2007
Wizards,1479.020053409091,2008
Wizards,1363.8564634146342,2009
Wizards,1368.7466853658536,2010
Wizards,1337.4226073170732,2011
Wizards,1331.5222742424241,2012
Wizards,1408.253530487805,2013
Wizards,1506.582302150538,2014
Wizards,1538.8614413043476,2015
Sixers,,1976
Sixers,1577.6827594059407,1977
Sixers,1626.273401086956,1978
Sixers,1566.7702384615386,1979
Sixers,1621.905455,1980
Sixers,1693.6547193877548,1981
Sixers,1658.7058747572817,1982
Sixers,1718.2993873684213,1983
Sixers,1628.75257816092,1984
Sixers,1635.487338947368,1985
Sixers,1597.3493744680848,1986
Sixers,1544.7493298850575,1987
Sixers,1490.483175609756,1988
Sixers,1518.0238152941176,1989
Sixers,1564.8682478260873,1990
Sixers,1523.5736199999997,1991
Sixers,1469.141992682927,1992
Sixers,1392.1798670731707,1993
Sixers,1381.2895780487804,1994
Sixers,1349.7745853658535,1995
Sixers,1282.5806402439025,1996
Sixers,1326.0569902439024,1997
Sixers,1392.4730402439025,1998
Sixers,1531.2401706896553,1999
Sixers,1536.228391304348,2000
Sixers,1609.6953895238096,2001
Sixers,1542.5523344827584,2002
Sixers,1550.8588095744678,2003
Sixers,1475.3504109756097,2004
Sixers,1456.4598632183906,2005
Sixers,1466.710662195122,2006
Sixers,1425.3158158536587,2007
Sixers,1483.596746590909,2008
Sixers,1503.0488647727273,2009
Sixers,1425.4501817073171,2010
Sixers,1494.0088701149423,2011
Sixers,1554.7302189873417,2012
Sixers,1448.7797695121951,2013
Sixers,1312.8530731707317,2014
Sixers,1281.6219292682927,2015
Suns,,1976
Suns,1501.7278402439026,1977
Suns,1556.8319547619046,1978
Suns,1575.4321649484536,1979
Suns,1597.4263966666663,1980
Suns,1635.9027966292135,1981
Suns,1558.8732876404495,1982
Suns,1583.83230117647,1983
Suns,1523.1909020202022,1984
Suns,1494.945208235294,1985
Suns,1431.9185670731706,1986
Suns,1428.1773268292684,1987
Suns,1408.7156207317073,1988
Suns,1567.598784042553,1989
Suns,1628.4836183673467,1990
Suns,1634.322069767442,1991
Suns,1600.5973155555557,1992
Suns,1658.00274245283,1993
Suns,1632.8418749999998,1994
Suns,1620.0182163043482,1995
Suns,1531.4473627906978,1996
Suns,1478.2323344827587,1997
Suns,1572.8066186046512,1998
Suns,1547.2944113207548,1999
Suns,1593.8858241758244,2000
Suns,1581.4167441860466,2001
Suns,1521.167854878049,2002
Suns,1523.1982875,2003
Suns,1449.0643524390243,2004
Suns,1637.282713402062,2005
Suns,1640.6407617647055,2006
Suns,1657.3466494623653,2007
Suns,1636.3499551724144,2008
Suns,1560.1160097560976,2009
Suns,1591.4717510204082,2010
Suns,1545.3962682926829,2011
Suns,1505.7803181818183,2012
Suns,1433.06105,2013
Suns,1513.4192817073172,2014
Suns,1540.2925524390246,2015
Spurs,,1976
Spurs,1540.9920880952382,1977
Spurs,1561.10845,1978
Spurs,1587.281703125,1979
Spurs,1511.213943529412,1980
Spurs,1550.2741629213485,1981
Spurs,1539.1011373626377,1982
Spurs,1561.9826172043006,1983
Spurs,1506.6806524390245,1984
Spurs,1491.7978413793105,1985
Spurs,1488.762602352941,1986
Spurs,1387.0104463414634,1987
Spurs,1407.3027717647058,1988
Spurs,1354.4787951219512,1989
Spurs,1511.2220532608696,1990
Spurs,1608.8439395348835,1991
Spurs,1576.9940623529412,1992
Spurs,1559.551631521739,1993
Spurs,1604.254652325581,1994
Spurs,1641.0312907216496,1995
Spurs,1642.494316304348,1996
Spurs,1377.812093902439,1997
Spurs,1527.2310274725276,1998
Spurs,1654.8388238805971,1999
Spurs,1655.9616034883718,2000
Spurs,1664.290709473684,2001
Spurs,1658.3317641304352,2002
Spurs,1663.9661726415093,2003
Spurs,1688.9496641304345,2004
Spurs,1713.914579047619,2005
Spurs,1683.8956400000004,2006
Spurs,1679.972166666667,2007
Spurs,1657.04364949495,2008
Spurs,1616.2168126436782,2009
Spurs,1600.5855163043477,2010
Spurs,1662.8584522727272,2011
Spurs,1651.090535,2012
Spurs,1688.1486640776702,2013
Spurs,1696.6352000000002,2014
Spurs,1676.8730426966292,2015
Jazz,,1976
Jazz,1451.1554731707315,1977
Jazz,1451.686408536585,1978
Jazz,1408.6718853658535,1979
Jazz,1367.0765365853658,1980
Jazz,1378.8455243902438,1981
Jazz,1355.5816890243902,1982
Jazz,1387.2181060975608,1983
Jazz,1492.8472010752691,1984
Jazz,1495.0135119565216,1985
Jazz,1496.509397674419,1986
Jazz,1511.104220689655,1987
Jazz,1538.6155956989248,1988
Jazz,1570.0963011764707,1989
Jazz,1573.7470597701151,1990
Jazz,1581.7339857142856,1991
Jazz,1605.2903642857143,1992
Jazz,1557.0953275862073,1993
Jazz,1582.8122040816324,1994
Jazz,1650.0413735632178,1995
Jazz,1641.5933699999996,1996
Jazz,1688.4449049019606,1997
Jazz,1683.9131607843135,1998
Jazz,1677.7042704918035,1999
Jazz,1605.6398402173916,2000
Jazz,1610.0356494252876,2001
Jazz,1554.410295348837,2002
Jazz,1557.6571931034482,2003
Jazz,1497.3999378048782,2004
Jazz,1435.8578146341465,2005
Jazz,1436.4769719512196,2006
Jazz,1572.6105909090907,2007
Jazz,1625.5116627659572,2008
Jazz,1588.8517471264365,2009
Jazz,1599.0065010869569,2010
Jazz,1530.208,2011
Jazz,1498.858318571429,2012
Jazz,1518.388601219512,2013
Jazz,1421.7087914634146,2014
Jazz,1448.4386609756098,2015
Cavaliers,,1976
Cavaliers,1542.2201247058822,1977
Cavaliers,1501.534435714286,1978
Cavaliers,1453.9716853658538,1979
Cavaliers,1452.1828841463416,1980
Cavaliers,1436.328095121951,1981
Cavaliers,1317.2951146341466,1982
Cavaliers,1292.6508012195122,1983
Cavaliers,1388.9529060975608,1984
Cavaliers,1415.7814139534883,1985
Cavaliers,1475.1140170731708,1986
Cavaliers,1414.2625609756096,1987
Cavaliers,1499.9086264367816,1988
Cavaliers,1646.9600367816092,1989
Cavaliers,1492.7451068965518,1990
Cavaliers,1438.9949804878047,1991
Cavaliers,1584.1197313131313,1992
Cavaliers,1632.6234000000002,1993
Cavaliers,1580.3060717647056,1994
Cavaliers,1539.7584755813955,1995
Cavaliers,1516.0722505882354,1996
Cavaliers,1539.8437768292683,1997
Cavaliers,1555.889318604651,1998
Cavaliers,1523.9462219999998,1999
Cavaliers,1433.259682926829,2000
Cavaliers,1415.925218292683,2001
Cavaliers,1388.2052146341464,2002
Cavaliers,1316.7494585365853,2003
Cavaliers,1384.7094926829268,2004
Cavaliers,1492.1224146341465,2005
Cavaliers,1535.6092536842102,2006
Cavaliers,1569.0393450980391,2007
Cavaliers,1531.4661905263158,2008
Cavaliers,1686.1954895833335,2009
Cavaliers,1715.1347806451608,2010
Cavaliers,1375.161269512195,2011
Cavaliers,1365.7331787878788,2012
Cavaliers,1351.438756097561,2013
Cavaliers,1387.1900085365853,2014
Cavaliers,1570.4732392156866,2015
Grizzlies,,1976
Grizzlies,,1977
Grizzlies,,1978
Grizzlies,,1979
Grizzlies,,1980
Grizzlies,,1981
Grizzlies,,1982
Grizzlies,,1983
Grizzlies,,1984
Grizzlies,,1985
Grizzlies,,1986
Grizzlies,,1987
Grizzlies,,1988
Grizzlies,,1989
Grizzlies,,1990
Grizzlies,,1991
Grizzlies,,1992
Grizzlies,,1993
Grizzlies,,1994
Grizzlies,,1995
Grizzlies,1234.1214195121952,1996
Grizzlies,1236.7102390243901,1997
Grizzlies,1281.099132926829,1998
Grizzlies,1266.559498,1999
Grizzlies,1319.889193902439,2000
Grizzlies,1376.9194,2001
Grizzlies,1342.825458536585,2002
Grizzlies,1386.7209024390245,2003
Grizzlies,1541.5568790697675,2004
Grizzlies,1560.063484883721,2005
Grizzlies,1560.1195523255813,2006
Grizzlies,1418.1789,2007
Grizzlies,1369.2668500000002,2008
Grizzlies,1332.2448475609754,2009
Grizzlies,1469.0211853658536,2010
Grizzlies,1531.0198747368415,2011
Grizzlies,1584.6027068493152,2012
Grizzlies,1622.5902989690724,2013
Grizzlies,1571.982848314607,2014
Grizzlies,1620.6785258064515,2015
